Date,High,Low,Close,Volume,RSI,SMA,EMA,MACD,MACD Signal,LB,UB,f_Score
2020-07-02,0.0020247297333119973,0.0011197677851331467,0.0009088409800641075,0.012064157829260826,0.30780356263956077,0.004314162296542523,0.0014813596467180006,0.48192756460358654,0.490627505282724,0.004846591531024569,0.017536951099969143,0.6934333647729378
2020-07-03,0.0007210138915752229,0.0015362822153841826,0.0002454794647959169,0.002439716854838167,0.29354909948698227,0.003926905007340442,0.0011840150558648235,0.4812978236807461,0.4897793142729719,0.004652364358311567,0.01695269453564652,0.4589983309770001
2020-07-04,0.0003790297707468582,0.0014392532856097873,0.0010756277878950506,0.00011197319849626935,0.3176797521115613,0.0034724986803262026,0.000965052009596429,0.4812449168817581,0.48908856033331805,0.004537501452022752,0.01655494952765141,0.5926445414437951
2020-07-05,0.0,0.0,0.0,0.0019213911835003206,0.29226020083268034,0.003070159025444441,0.0006835124051689513,0.4808432772577951,0.4884433328289075,0.004294978069032174,0.01605165211251575,0.46917254081132115
2020-07-06,0.003829219308424142,0.0015338239290181854,0.0055398661647106115,0.01664129465448313,0.44057133325650216,0.002880952345293397,0.0008151854745269973,0.4829544329188286,0.4884140162013505,0.0038462692069906046,0.016243439878541325,0.7236456258602724
2020-07-07,0.0035624836161098627,0.004223024104635209,0.0032764385662700244,0.004685501164432816,0.38427845145665634,0.0025364316356143446,0.0007769580879222195,0.4837293993649191,0.4885692822316142,0.003393252998855012,0.01630288958742557,0.5958896666154478
2020-07-08,0.005173206734573055,0.005118812649152843,0.0065110010127597834,0.02199415712294584,0.45910841342445,0.0023030518020283886,0.0009718541999829968,0.48576025697459435,0.4891618424505384,0.003436996828435873,0.016285548663223685,0.5974257688778974
2020-07-09,0.004832870645496867,0.004846401498042996,0.0037484330320196333,0.016970300338130885,0.3917965243692046,0.001950943086365342,0.0009571771618493987,0.48623047627301025,0.4897443305193993,0.0034253726116347805,0.016278248293438744,0.759898462874169
2020-07-10,0.002249300357924422,0.00264852837805421,0.0037638629647578645,0.013602673353812642,0.39217188454303437,0.0015488099846442949,0.0009445473406129725,0.48664060599349157,0.49030490327566306,0.0033493167873113183,0.01625617234509583,0.33891077067404174
2020-07-11,0.002358105518073139,0.004179251930983924,0.0030572438124758525,0.0029443867791409187,0.3743186382022887,0.0014934265070953023,0.0008823432108067688,0.48669540224423574,0.49076599834952883,0.0032805120982544456,0.016204994639642954,0.990828705196932
2020-07-12,0.0028228504721856396,0.004141020074366453,0.003721466533292251,0.006494422224792129,0.3925853009749006,0.0013544527586371868,0.0008715180894443566,0.4870475405236451,0.49121608298028807,0.0019699765413616344,0.016980568788812742,0.5771395447187184
2020-07-13,0.0025892156729362403,0.004645280651547151,0.003117277015896925,0.01555057940670121,0.3756912470614275,0.0011968991880870194,0.000818306502500227,0.4870953303358514,0.49158717175990047,0.0003743544535389498,0.018065919982285992,0.7767949472508969
2020-07-14,0.002184132974702907,0.00365655420605826,0.0031099208851728963,0.01721928769724785,0.3754748753790906,0.0010992546681952708,0.0007680033541925815,0.4871550606429553,0.4918978175226879,0.0002270921514330171,0.018093044601536077,0.687629842390857
2020-07-15,0.0020312341990572635,0.0036616725784173187,0.002184376105830527,0.010605159187527732,0.34731156412791464,0.0009238810723885549,0.0006549448096628553,0.4868374188347331,0.49207308098477787,0.00013647092933152805,0.018049531875439843,0.7147763740103313
2020-07-16,0.0009358716482014418,0.0021027154231198775,0.0010708373320332811,0.01021910034531983,0.31393832935703425,0.0006478994833683804,0.00046977371941744905,0.4861486940956172,0.49205446110295425,0.0001425500533269175,0.01797782923813668,0.46781827724430364
2020-07-17,0.000360322857134443,0.0021075035779073714,0.001422944808763288,0.004995254345374553,0.3272417891374353,0.0004242409314968443,0.000321657997076591,0.4857933051286596,0.4919576069666517,1.5189920333724682e-05,0.018351896199897803,0.5430550463732041
2020-07-18,0.0012351647337474903,0.0023258324289652244,0.0015634469055924864,0.0,0.3328275317810572,0.00025231165945668876,0.00019311735697005733,0.48561415856155415,0.4918388096690878,1.0637682786168723e-05,0.01838978229601224,0.5710584456476764
2020-07-19,0.0007040251387256946,0.002265879594307879,0.0020554105749905076,0.002026484271399974,0.35321520715653176,0.00018280486048544153,0.00010795167698096633,0.48572290496262743,0.49176885044481267,8.46676120808132e-06,0.018381779951498037,0.5687804969479023
2020-07-20,0.0009351177613360906,0.0030149965007944535,0.0016588254200534396,0.004437362272940608,0.3381911189757081,6.847403316773137e-05,0.0,0.4856823846142577,0.4917035384419678,0.0,0.018446966756375086,0.5517889952146346
2020-07-21,0.00439991166549808,0.003238168542901737,0.005529083153576115,0.017173655261469127,0.4856401269223068,0.00011693631943807126,0.000175001705468858,0.4873193458247698,0.4920287975899545,0.0003711061005393368,0.018313821863852168,0.5723957837726028
2020-07-22,0.006612727405589852,0.006436692631796609,0.008293678555710922,0.012634955974977276,0.5666510324661621,3.304319244762377e-05,0.0005358567615829924,0.4897870497634838,0.49285809587026747,0.0013710359142542483,0.01796987280292459,0.6523486192706919
2020-07-23,0.008044095579109234,0.009505349487968301,0.009317185466158813,0.01740044465340837,0.5936012654794774,0.0,0.0009464173037234682,0.49214546906244355,0.4940654227164428,0.002395666978911748,0.01778946169305246,0.6750632957336427
2020-07-24,0.008279097894067888,0.00947623530540978,0.008505499236998783,0.012695518454963445,0.5572313462712878,0.00015185376596774103,0.0012726085815159274,0.4936197947575867,0.4953712866608084,0.0030723009406757873,0.017834898461087826,0.6827049730794698
2020-07-25,0.009737237817433686,0.010392185467212711,0.01108168798368689,0.012864694755036904,0.6251110934402883,0.0004322579835959739,0.00176146373233585,0.4958090633531325,0.4969208572515534,0.00415526549111786,0.01781500189256641,0.5860008380032445
2020-07-26,0.0154687591386867,0.01269598504598718,0.015271578568060249,0.024372670933364017,0.7122460759364212,0.0009370599610309949,0.0025175616739791244,0.4992119940352029,0.49894528253893194,0.006266851732467299,0.016418220280474936,0.6155531135400419
2020-07-27,0.038348348889584244,0.017413491618601035,0.03521858823184507,0.0682199634499197,0.9103411478719774,0.002260178405942309,0.004647303862674619,0.5101519991898804,0.5030877583443925,0.015207203589439583,0.009445259770987065,0.7989506858485182
2020-07-28,0.036662657858649916,0.031101927230467424,0.03378462716877798,0.0487546553598812,0.8666557695880253,0.003463435579262125,0.006537387314480727,0.517882955509335,0.5081846179230632,0.0204849548378154,0.006291438198708478,0.7090607543936625
2020-07-29,0.03845922285554951,0.03530071703443485,0.03723210474527309,0.03650454165983147,0.8890500111911719,0.004762159498152341,0.008551370129369908,0.5250639672179902,0.5139181587278502,0.025696551677614754,0.003926366682764721,0.8234836720793719
2020-07-30,0.03603482789008314,0.03603924863321112,0.03742953611719344,0.031308432697127825,0.8903105588119928,0.0061041426889690276,0.010449497434881857,0.5303658147099605,0.5197276799778139,0.030030591993319977,0.0026250805455740604,0.6116169712201283
2020-07-31,0.040460389241256,0.03775999405314842,0.04132912866470099,0.03220364418945769,0.9143898850808589,0.0075290440227249456,0.012503245543093098,0.5356915125052379,0.525603485835322,0.034582788640462214,0.001591241782121278,0.8352147931793013
2020-08-01,0.04726299094339928,0.04250580760981254,0.04934180302675355,0.04081028284056093,0.9539579822305173,0.009321906197030189,0.014995878988173481,0.5427045235394182,0.5319214400910911,0.04031101414284491,0.0,0.7529079790852258
2020-08-02,0.05156039152746175,0.03834378202881125,0.03637129391630226,0.04474986536134147,0.6473101848200916,0.01065918980532235,0.016402768091555945,0.5421373386371514,0.5368450018235301,0.042594913587698374,0.0010882268068667658,0.7020776501457389
2020-08-03,0.04112850832648757,0.03823642462721552,0.03991228406190395,0.023675077626851206,0.6791313962647679,0.012096821721021445,0.01797139878466453,0.5425798711829288,0.5408859061068327,0.045108946225573765,0.002308698414557803,0.7740238143538605
2020-08-04,0.039913137506018825,0.03977178957156763,0.03916900984847752,0.026563885671353843,0.6643237575519786,0.013546756500864704,0.019385824482983847,0.5420071583741276,0.5439865530399565,0.04706137679014835,0.004217475254745724,0.5986255195780907
2020-08-05,0.047116526504488165,0.04097669845389931,0.04911085640558317,0.03589637539255357,0.7459056977201451,0.015159641135601254,0.02141795173302147,0.5451380424184905,0.5471891012095481,0.050209707050301894,0.005969124705565211,0.6847269986475755
2020-08-06,0.04919402831837505,0.04925046481792278,0.049712569957027455,0.032913002596423144,0.7502575977722445,0.016878585837172472,0.023361882298127665,0.5472079264200534,0.5502284872337269,0.052846616754462034,0.008357138697079077,0.5719178355164625
2020-08-07,0.04911686887431857,0.045678923291118556,0.04643675935313633,0.03212051568692317,0.6832780739092973,0.018356533476218517,0.024946799359064555,0.5467926740475716,0.5525642323885599,0.054330826590005016,0.011724473815398682,0.650048709461671
2020-08-08,0.04735794562392867,0.04849373456186987,0.04923989370355221,0.0157047990856782,0.7075163629069711,0.020040508926930378,0.026629355708813453,0.5469909630684422,0.5544785570489237,0.055699500672228563,0.01549340781514619,0.839387271978578
2020-08-09,0.04746552352638961,0.04831250015134969,0.04780121395175237,0.015461382286193932,0.6773699894373378,0.021670657022458295,0.028100767530438227,0.5458842437295572,0.5557547900608876,0.05611291967051968,0.02027849493256512,0.5677345835888385
2020-08-10,0.05175780469266872,0.05044416464824231,0.051519271546416404,0.04092377715705556,0.7113498702041469,0.023464595132841742,0.029742384896637893,0.5459358112078118,0.5567876687340902,0.05685331929696388,0.02465756229174685,0.6558768078123363
2020-08-11,0.049739351505817125,0.041679731663733705,0.04292860266905899,0.04365666215420115,0.5474094799377226,0.024915941248590118,0.030665489359887395,0.541719155749732,0.5566415452510332,0.05619734640624441,0.02939772689282217,0.6637537784360058
2020-08-12,0.04643034919899344,0.04269221542895371,0.046132915270668935,0.03782511595385288,0.5820445342754127,0.02650826819849325,0.03175753879038771,0.5391656281997272,0.5559357632412264,0.05534721992726388,0.03461802005320495,0.6674219741400583
2020-08-13,0.04729209448285254,0.04207729527446177,0.04979275178191951,0.04508091668307576,0.6194463151668815,0.028236345073568148,0.033040117002763915,0.53813574322001,0.5551336301169472,0.05380553869006166,0.041171547665653764,0.8945825868619004
2020-08-14,0.05365819568995514,0.050879960115587874,0.04951226789994652,0.03538474848484412,0.6141173007930468,0.029988300423841457,0.0342199468788538,0.5366546494905109,0.5541503603359661,0.05133867286830618,0.04849799064500719,0.8555630407710642
2020-08-15,0.05028677856358113,0.052443723771093465,0.051291213552188866,0.0327777387492072,0.6331561385928209,0.03184732801785267,0.035450515625051755,0.5357027971062202,0.5531442325265842,0.04822176503418013,0.056321312332577075,0.5317226168460005
2020-08-16,0.04977867634858438,0.05185180877408632,0.05178920566042418,0.024595207335167103,0.6386270413956462,0.033711755881155436,0.03663720474386257,0.5346378711344799,0.5520937417641325,0.04872358040385755,0.05761977512540091,0.8123717368015423
2020-08-17,0.05739354731751625,0.053157562433685884,0.058432634967998956,0.0471637498077629,0.7058919823246507,0.03581690518138306,0.03822107738407202,0.5360803002311323,0.5515859957692059,0.050114976382900106,0.058784632753205016,0.8165077556036813
2020-08-18,0.05697435115587335,0.05593463717417707,0.05359759377734498,0.04071450143603518,0.6054711945351373,0.03772486262894803,0.039357977056898814,0.5346446942103307,0.5508487258657883,0.050567954105915414,0.0601176822788901,0.5382310884704494
2020-08-19,0.05146666410462014,0.05091523835948203,0.04931774309675126,0.03616679906453406,0.5261204646611725,0.039489071695668065,0.0401163314606774,0.5312040038356606,0.5494654331550636,0.05030524396870309,0.061789342418095014,0.6599715276017155
2020-08-20,0.04915947224833747,0.051342246370340155,0.051524062002278145,0.02339026472762184,0.5532075541450382,0.04119168607854043,0.040983092762206554,0.5289586568923663,0.5478409870108392,0.050516401210793926,0.06270418483438973,0.5343177134716685
2020-08-21,0.0491388017224246,0.04861674060727303,0.046271712898184,0.033980818594941925,0.461609520243996,0.04259753404549832,0.0414193880434734,0.5245394715476145,0.5455222971276392,0.05038401846090945,0.06251045305570489,0.5693669960097122
2020-08-22,0.045371313475696146,0.04643433267688524,0.047913027138757794,0.023534776520324888,0.4840401790052296,0.04402625163154167,0.041944577648590255,0.5213658939964809,0.5429354688103882,0.04949013399550742,0.06489264233269058,0.5787827201407215
2020-08-23,0.0458025893594374,0.04852171132834859,0.0476011092542762,0.018391435070305447,0.4784484858636529,0.04547346934070834,0.04241364113429936,0.5183831622185737,0.540178141753561,0.04895531305843501,0.06640750128379087,0.5119873040940455
2020-08-24,0.04749380304996678,0.049711393511547575,0.049617442627518035,0.024884938130940455,0.5080121132152963,0.04689996266136523,0.04299622754631128,0.516562843006727,0.5375524861469899,0.048071967547647115,0.06865214490135942,0.6966049759866489
2020-08-25,0.0469672043083898,0.04156967748530366,0.04211304101493219,0.04147703631265738,0.3780424451845686,0.04789356372746645,0.04300608754233102,0.5116710584285776,0.5343238399501175,0.04848107892474324,0.06736570913992944,0.8333717549065802
2020-08-26,0.042510418015189094,0.04358242696559622,0.04435867036537703,0.0301552905247202,0.4135943253386624,0.04823190577459244,0.043175447632617554,0.5085279398097131,0.5310160708860975,0.04850379085659162,0.06672649159778012,0.6353590314133754
2020-08-27,0.04324170580683637,0.041496240766474596,0.04132785479816096,0.032439669254041584,0.36527718508181584,0.048511136424905676,0.0431177532755219,0.5045722302818726,0.5274576074089202,0.04887997703460148,0.0656951864294625,0.5706862873120944
2020-08-28,0.042789811993940274,0.043947427454685134,0.04535329100639638,0.02230346612855144,0.4297671041140187,0.048811761599224374,0.043350835697404035,0.502991710478499,0.5242463441444578,0.0488054931467255,0.06533927288967097,0.6485871986578642
2020-08-29,0.043508388902392614,0.046762844124317665,0.04469859537195673,0.015449540265693909,0.4186000581369213,0.04908084325002421,0.04352219408310332,0.5013223745702621,0.521292358673105,0.04880813325225822,0.06498134718533415,0.957564978034026
2020-08-30,0.04583553246222816,0.04725294203676289,0.04845833172679627,0.022164707597569513,0.47744953033852083,0.04934474778864498,0.04395060454830036,0.5014584967266853,0.5189605621853505,0.04853074941648214,0.06496099511238741,0.5743888327244545
2020-08-31,0.04679803560225462,0.04924303492256285,0.04789456504481866,0.029621707640644535,0.466721533656729,0.04929117480600298,0.04431117332762464,0.5011898112379523,0.5170331619367593,0.048431486351856984,0.06564683238744402,0.46219325754284396
2020-09-01,0.0521517018136905,0.04929583304316992,0.05321627707910585,0.04445902529192261,0.5452697733542596,0.04991473223183801,0.04502797182407368,0.5030815424089545,0.5159275044089942,0.04897076136112696,0.06581589609064782,0.34195615146982694
2020-09-02,0.05031586457078169,0.043465970235362195,0.04299306749269675,0.046601975050240094,0.3716860702899353,0.050028774814552035,0.044969506386664755,0.5001085871276189,0.5143573685961306,0.04898692427065415,0.06501913492515878,0.6764482214234743
2020-09-03,0.04094796118836133,0.022645220331804078,0.021520575734568424,0.05808612057478016,0.1523526908661413,0.04937547572605022,0.043383605757704786,0.4886284592522725,0.5104537636586668,0.05341113431885819,0.05656009280931594,0.25200413196112115
2020-09-04,0.026960712465866454,0.023123797320086265,0.026417121354788277,0.052293258695608025,0.22122972651218342,0.048535412730789845,0.04224919482577658,0.48170068763940405,0.5057332276770629,0.05452156345175169,0.05239597050055299,0.43890340415295903
2020-09-05,0.02548230525839945,0.018215755208686846,0.020129244346136225,0.09643485239438598,0.17131902310758237,0.04744031502797347,0.04073958208302748,0.47371610726149976,0.5001154302994897,0.055986649487079626,0.04703436770720314,0.5078961312339745
2020-09-06,0.02139541443229792,0.020286127655215258,0.022164613950349302,0.07327350068853364,0.20012815894182545,0.04654182339039939,0.03947250627442057,0.4684939907272374,0.4944168909919273,0.055246916104517235,0.0437662493641034,0.4879018852616722
2020-09-07,0.022207350586285535,0.017648753292911268,0.023803649584576876,0.06332897982638366,0.22375622571041165,0.04560023984873324,0.03840405721086929,0.4653290729460539,0.4891281802130099,0.054588928117539764,0.041141294876121344,0.7748199873513968
2020-09-08,0.02248781403245037,0.01818634749939807,0.019430160742400813,0.06252544094031849,0.1853496255330491,0.04455001731443495,0.03709266608817311,0.4612840607316132,0.48396436877352556,0.05461467738240128,0.037693013076462285,0.7200075891591502
2020-09-09,0.02133464764449977,0.01954156041304786,0.02146639155216207,0.03506097857823551,0.21653842936618917,0.04343753793069022,0.036011084820721524,0.45929053828304556,0.4793735822968589,0.0536844073519635,0.035361507587922454,0.7827887434937412
2020-09-10,0.024088087928314683,0.02369103772633019,0.023685610599129388,0.12445211880720311,0.25063505481184734,0.04272521245760902,0.03515753588954646,0.459003962819007,0.4756348643502021,0.05301390544535731,0.03357565073594455,0.768483846143074
2020-09-11,0.022849521937546746,0.021863210086106782,0.024379652562051525,0.09727495748970477,0.2615574487701815,0.04191996330021888,0.03440854688551657,0.4594167538946951,0.47273908604401205,0.05187680348572657,0.03223602499626269,0.5168785906721305
2020-09-12,0.02543323248314064,0.02471018087924315,0.025137621095143788,0.07232467194639222,0.27406411936640784,0.04100729454441862,0.033761930621817156,0.46039965506183983,0.47064913571655764,0.05054455433857319,0.0312506738291368,0.48832059594097355
2020-09-13,0.02540409387918202,0.023431688514717303,0.022962054404399832,0.07160659246703611,0.24790267877846894,0.04002447475631629,0.03300189149393657,0.46058463649387443,0.46901983505384465,0.048709110070268374,0.03038402004316932,0.3618413579686627
2020-09-14,0.029403954602966714,0.024214652722287955,0.02952250296905099,0.06849698766145641,0.3552767131694514,0.039218653758825384,0.03275871388686958,0.46381536055875294,0.4684614498104725,0.04778380005824012,0.03004400595095908,0.9775518158606638
2020-09-15,0.03189262280676777,0.03154955549412691,0.03165578087902283,0.05980493959842734,0.3869989262053613,0.03847336678473945,0.03268334957978462,0.46753415739993087,0.4688723540863564,0.046539036242726095,0.03007081423577524,0.5541076893029551
2020-09-16,0.03479189636839722,0.03245924986749102,0.03492522215021388,0.054669460732960376,0.43408174954861883,0.03760318355671066,0.03284599191682858,0.47207066057451164,0.4702472657936282,0.04587100979942754,0.030132613377506175,0.6225989562702211
2020-09-17,0.033666185488147704,0.03376942477346523,0.034449101074545914,0.07646305315753975,0.4264927841226985,0.03689435620419998,0.032964188922414324,0.4756213211991928,0.47216603279983826,0.04450038965642844,0.030514684861885417,0.775880231876178
2020-09-18,0.033621075001995154,0.0348031892266297,0.03436818363658146,0.041596292736058596,0.4251197960069751,0.03634096242967036,0.03306899007803588,0.47852529552049944,0.4743707481117198,0.043151961253183935,0.030935993716129352,0.6219201219933586
2020-09-19,0.03540173824571158,0.036305312268778894,0.03711964565410653,0.031033736272103485,0.46871348235159277,0.03580774843403067,0.0333632371080736,0.48208036879919314,0.47695437562835863,0.04118990670520592,0.03197129809900998,0.8359951584547358
2020-09-20,0.03471552587571147,0.03451802800817383,0.034252172072528654,0.03674744200499751,0.41642936741111,0.0353628163219277,0.033434020414468836,0.4837426033249559,0.4794046148120525,0.03883511213036117,0.03320994133915576,0.49383527542775046
2020-09-21,0.03278440083947229,0.026360956864852708,0.025506701497885843,0.04910435343378183,0.2837423496011383,0.034533392474838664,0.03287659601460647,0.4814315356208233,0.48083183795233486,0.033625758761628655,0.03623262092547031,0.48825125625369326
2020-09-22,0.02524004459083018,0.02640727905197321,0.026906680825364328,0.03356560800838172,0.3086472139322033,0.033767338606126324,0.03245496725076164,0.480299408005618,0.4817125302039888,0.030889986452199147,0.037644581619765895,0.5542640485528165
2020-09-23,0.024696983063984157,0.022934527615324996,0.0215369206982016,0.03405827557696019,0.23836980097900862,0.03272787078350406,0.0316776218056977,0.4772575596908373,0.48171558640816237,0.03088919732179235,0.037647388563991864,0.5502528473202883
2020-09-24,0.02888414084317792,0.02356619713886285,0.030978119763298374,0.10301210280759046,0.39047986720615496,0.032315684985190135,0.031623681241739456,0.478981329003975,0.4821155594222362,0.031236043518650947,0.037756718225955256,0.8794324218214442
2020-09-25,0.029003342629167456,0.030092800677224862,0.02974074680838571,0.07999634584509817,0.37333103965812464,0.031774567508481816,0.031484983431617077,0.47992946324616065,0.4826541923566142,0.031266584614741105,0.03881950641133717,0.5212286399371402
2020-09-26,0.028919012493763774,0.03175284110025853,0.030806470732476672,0.10215044886243238,0.3895110472936652,0.03138509325963207,0.0314312308273487,0.48122742352695796,0.4833844285601619,0.03145515657314793,0.039583595307627596,0.41297524694102206
2020-09-27,0.029475153081111066,0.030919518713026173,0.03125743742942489,0.12250219119839684,0.39665930393281684,0.030863301454531727,0.031413104647327945,0.48252620174181127,0.4842681360073777,0.031704012982348706,0.04014017928629852,0.49506563970395595
2020-09-28,0.032013192108466565,0.03244062926553959,0.03005189319623037,0.104836684561085,0.37680492712281316,0.030321118668274305,0.03131018032745884,0.48311435052168245,0.48511073823400747,0.03137471833182964,0.04174615212504149,0.8533946094723079
2020-09-29,0.030480960885263753,0.03141871595410972,0.03253194987360284,0.10135293880281473,0.4194030886563758,0.029731565471618593,0.03139074956315358,0.48468862301570986,0.4861478717711969,0.03136474747599888,0.04302336157780135,0.5505807405430712
2020-09-30,0.030252164987754765,0.03179116468397919,0.03142686167924711,0.09423391401352849,0.39940359755861005,0.029121973961742514,0.03138731675058235,0.4855102080102785,0.487167048896605,0.03135155052662367,0.043924266936909324,0.5573766619035873
2020-10-01,0.031802717415011006,0.02809104010389671,0.02839470047836202,0.08198782087835776,0.3459840338424953,0.02820314381149916,0.031167881462472548,0.48492249232308987,0.4878468542059923,0.03119791561321636,0.04456598684698466,0.8379125041461164
2020-10-02,0.026851521596158723,0.02704529609105316,0.02759591439064244,0.10749100540462689,0.33219715862729715,0.0276331812855225,0.030905641713638833,0.484176329508537,0.4882186216872322,0.03108490708930245,0.044981405761321654,0.05982302568410147
2020-10-03,0.025794133904613603,0.028819426685058047,0.027106372861848645,0.09567818832066269,0.32339531844819647,0.027839952954230085,0.030625411365955403,0.48344455037414075,0.4883472760066192,0.030713516767159943,0.04589670955708986,0.9892779109915812
2020-10-04,0.027357116699021855,0.029256414604745318,0.029315723928576433,0.1741851299657797,0.37177725888690716,0.027947251675870866,0.030520809607806183,0.48386711191579207,0.48854764873488704,0.03070954423350622,0.045877785484119506,0.7139047206269087
2020-10-05,0.029287207332352738,0.031138911598481256,0.03158943216824842,0.10417295104964336,0.41909593668927064,0.028371477995890126,0.030585094883742926,0.485216314466643,0.489019094039102,0.030704355048251142,0.04587636576511376,0.9554295092844672
2020-10-06,0.029360281761534157,0.02915307485027016,0.028118271439178368,0.08966553989447698,0.3486385546246423,0.02859186689756829,0.0303977036418148,0.48486074904147364,0.4893142513576184,0.030155520550967513,0.04575027140675381,0.6427789126741447
2020-10-07,0.02725851530993445,0.02978457926502226,0.029304438547538815,0.07542279295853063,0.37453427915935045,0.028795491785325977,0.030306987942075682,0.48513173477766186,0.48961287074370796,0.02963985625470547,0.04577483889910997,0.3977889252183948
2020-10-08,0.032020187477286965,0.02978645049792772,0.03383721453256373,0.15075252547285575,0.4653396426483631,0.029328803412202425,0.03054535791902769,0.4872975802148778,0.49035124394271346,0.029549628013429363,0.045821357976302525,0.5958538245034323
2020-10-09,0.03483763801564632,0.03512617870244894,0.036570519466447994,0.031136812811239825,0.5135639458685844,0.029887918908530875,0.03096326164226363,0.4901667443023244,0.49160361642674566,0.029410868608216373,0.045923479913832534,0.7385774690176002
2020-10-10,0.04093339188638201,0.039072865735956974,0.040831136556465676,0.031369636559343675,0.58063340759867,0.030522601646246622,0.03165802918730843,0.4941963930745771,0.4935348141812729,0.031051574820091132,0.04472581751700997,0.6645826345713952
2020-10-11,0.04069286691182833,0.043425280092378726,0.04244460515098162,0.02278026612231049,0.6040209680312897,0.031191319164413034,0.03242302974837536,0.49797635499785164,0.49595149047603326,0.03315385499025578,0.04416413226962066,0.665915606445443
2020-10-12,0.045533977716086055,0.04252466670223232,0.04558962016224289,0.041070980625901726,0.6472437655008628,0.03194839892924298,0.03336294700687354,0.5021615456809297,0.4988500016662922,0.03574651536328552,0.04321917842143414,0.9858225095410043
2020-10-13,0.04285029826569553,0.044037631887980794,0.043211060147079906,0.03539496845893789,0.5858334844815553,0.03269796440963513,0.03407260891017292,0.5042941771802276,0.5016606286572534,0.03674384317613036,0.044512319675609764,0.7559500855283454
2020-10-14,0.042688598299203184,0.043786024443878746,0.043277337090725294,0.034987565794510664,0.5868563644660582,0.03320713256224206,0.034741212395031425,0.5058222907598344,0.5042615370413331,0.03812453014869968,0.04427780675621929,0.6625410389517746
2020-10-15,0.04322604950519074,0.04370660711792046,0.04448702587562043,0.03612068937549601,0.6062192722443677,0.03368211184972536,0.035452943290715806,0.5073401049495456,0.5066922953401882,0.03955739753724946,0.04426110184831337,0.6652822862885641
2020-10-16,0.04269010607293389,0.042192651279457316,0.041304440772319824,0.039510697380407855,0.5200541520238281,0.03391825391673692,0.03589180536190304,0.5069858494591204,0.5085552051457705,0.04028719983853743,0.04459418875057634,0.46153749568972097
2020-10-17,0.0399289340656859,0.043363621133601676,0.04196545191411275,0.02030563097295439,0.5323184722730973,0.03419648965825686,0.03634949057159343,0.5067849251496825,0.5099991967151515,0.041031538394893846,0.0449340181771418,0.7435755682905663
2020-10-18,0.041672130885419434,0.04453270140941995,0.0442667366731088,0.017804664131623862,0.5742641284142865,0.03456290832376066,0.03694175272323167,0.507396064344412,0.5112953281872478,0.041997824200475875,0.04541107382584814,0.3345727580365389
2020-10-19,0.04734050103250942,0.04567321786529896,0.049019263607177746,0.03427116248370361,0.6494924803734715,0.03500340120330367,0.03783470794311342,0.5096670800999104,0.5128559649684468,0.043758819411568284,0.04520347926573471,0.7206049279107418
2020-10-20,0.050945921135439165,0.05080529425357583,0.05222153084561075,0.055100014415584486,0.6926122987622395,0.03566858008725715,0.03889840738751436,0.512560891696465,0.5147718324177107,0.04592049505147777,0.04501222818227219,0.9864185059959685
2020-10-21,0.07221394621974475,0.05492778545309407,0.06889179693282722,0.09200088531754128,0.8399987989404762,0.0372745833801994,0.041082240661278614,0.5215722044077736,0.5183826754365046,0.05210054966765182,0.042298140549730974,0.8825429725122943
2020-10-22,0.07180151750763739,0.07026002579072613,0.07150438955570819,0.06636002409201355,0.8557541201156738,0.03892547446066305,0.04331148590416196,0.5293632796077363,0.5230680931360185,0.05750051962389249,0.04090127622315216,0.8972485619479729
2020-10-23,0.06918698526182734,0.07092792752003152,0.07087325148136774,0.049369991709860325,0.8394409505855907,0.040751776993943584,0.04535190230647782,0.5347457353595819,0.5280577054219375,0.06156308147747078,0.04107772570728622,0.7056427080320191
2020-10-24,0.07150480166323572,0.07342829828098271,0.07411640804155704,0.036283318213030644,0.8602897727921763,0.0423486441284337,0.04749194900431704,0.5398086798564378,0.5332169891053,0.06573223562941949,0.04124570739158954,0.8536974694999804
2020-10-25,0.07481026245501748,0.0738850625641218,0.07270377975758967,0.03588358029446338,0.8220118784573351,0.043939023766866786,0.0493931934024464,0.5426061028315065,0.5379895453589597,0.06896290589619886,0.04210753761628378,0.7107953025772079
2020-10-26,0.07294519894688667,0.0722379556626406,0.07351352827426628,0.05080625175640635,0.8280800455531734,0.0455199278620724,0.05122952018048259,0.5445310491371479,0.5422515129603576,0.07143525907889292,0.044360152249063096,0.7541065570051011
2020-10-27,0.08253877748583849,0.07671750378410991,0.08415060095192282,0.06346708915145718,0.8942689619402737,0.047477895084217736,0.053705905782393856,0.5498823296797384,0.546895175678986,0.07561573720097386,0.04566338724288816,0.6966568854084333
2020-10-28,0.08393958694293194,0.0743019072119444,0.07711519752745018,0.06971847634571593,0.7304611841896366,0.04922005609538857,0.05552082871851015,0.5504267978623567,0.550735668696709,0.0778752918610035,0.04792679962395095,0.7785775939321398
2020-10-29,0.07988853204131383,0.07520002562488354,0.08017599381281228,0.130631515308629,0.7542051786341919,0.05098371457506612,0.05743692577251262,0.5514439224853529,0.554042627890323,0.0803463993569477,0.04997623109807468,0.7465910980195021
2020-10-30,0.08059711556573704,0.07813320154961564,0.0821719632631961,0.05411294252508182,0.7692895719591972,0.05286216613608019,0.05937173659349941,0.5523720712197349,0.556902240798966,0.08293698325019702,0.05162470020960862,0.7355158035307143
2020-10-31,0.0873599716510487,0.08416965213927047,0.0864797851823234,0.053300990866805134,0.8001484017485698,0.05501232476475662,0.06148891244689396,0.5541919358201052,0.559609620246503,0.085898407041614,0.053140529562349756,0.7508739258362167
2020-11-01,0.0843765257442897,0.08737914678970915,0.08567349942962176,0.036022154842044976,0.7811306209436706,0.05716220577535858,0.0634119999312351,0.5545395053041952,0.5618556787408412,0.08835920403030167,0.05479951665979295,0.7327362612354219
2020-11-02,0.08341226937899499,0.08014255712708951,0.08224484278271087,0.054673797746453714,0.7015384326675268,0.059203288395390796,0.06496651914814579,0.5526270473226929,0.5632114829398894,0.08964359299873448,0.0577365814375292,0.7968060272339442
2020-11-03,0.08658381882478644,0.08168826888868358,0.0895903340298752,0.05201225944414549,0.7626770756546679,0.061434497554505224,0.06694455507249393,0.553495628187897,0.564496434574498,0.09158869422439997,0.06072077806644484,0.5602300381394543
2020-11-04,0.09078096998800933,0.08647919383470581,0.09295994427138897,0.06750141132294155,0.7869635841437628,0.06370627415287625,0.06903526327353628,0.5548615536667549,0.5658393995714381,0.09359843740753382,0.06387513738557331,0.5909181093548386
2020-11-05,0.11748856932189594,0.09627814343462521,0.11952901458008436,0.0844476661838292,0.9113886908315592,0.06709006190355052,0.07288573214055245,0.5663556344002729,0.5695644856025686,0.10066908593189883,0.06441676129605241,0.7794423212615795
2020-11-06,0.12102591168765886,0.11740738993169558,0.11927239326850886,0.08144077707160897,0.9067684003472296,0.07042044138278494,0.07646948395054921,0.5743752031830633,0.5743939918908623,0.10591772075250233,0.0670189107423869,0.8290886840865372
2020-11-07,0.1180395729592072,0.10231050299547695,0.10582147499643096,0.06723153498371545,0.6915931267527592,0.07308511131576553,0.07886283862401001,0.5740337275306613,0.5781788473176852,0.10713605609776478,0.07260977683083845,0.6647968046307078
2020-11-08,0.11624830270261777,0.10833897332715264,0.11768660884401044,0.04245297409272987,0.7542015008599123,0.07608781778315851,0.08194788809529686,0.5777894389216784,0.5820728571998499,0.11033987995947486,0.07665423039904933,0.6768718147836329
2020-11-09,0.118902054597679,0.11061991451180742,0.11498123926509529,0.06464577037090029,0.7175767221999408,0.07883266155792071,0.08464098173741381,0.5785863224820452,0.5853718388657948,0.11220425402835643,0.08161507108834119,0.6024286138573229
2020-11-10,0.11289124449119087,0.11549350392324154,0.11422038210506019,0.039331955463967685,0.7069608121220133,0.08148961397409307,0.08710607054502302,0.5778735125457835,0.5878466391254744,0.11488234381983725,0.08361554439586787,0.6130274434308997
2020-11-11,0.12125612769763511,0.11859402677506803,0.12176109788492762,0.05172418071999073,0.7484574210285849,0.08430928378983313,0.08994985113054817,0.5794763604979198,0.5901961210347969,0.11857711280578748,0.08497123397866073,0.7401773893601817
2020-11-12,0.12823524411978765,0.12319210465930386,0.1323252910430694,0.06472442868616787,0.7978501448031203,0.08760806063548018,0.0933634964687849,0.5841464058885104,0.5931526917637062,0.12371527831048823,0.0858916499091351,0.6793334692153775
2020-11-13,0.13107494308680134,0.13178432918024807,0.13308709911756395,0.05711843666948041,0.8011663780379381,0.09093258423298498,0.09661123129138346,0.587044956490445,0.5961863992595874,0.12824382685744085,0.08725284876508481,0.8806188946731695
2020-11-14,0.12846512701696294,0.12722017197877888,0.12850006718300366,0.044961378660382356,0.7329416497122575,0.0940425283194761,0.09932233278292105,0.5862736665012221,0.5984354937721963,0.13091018717422775,0.09046425612045343,0.5359136363496978
2020-11-15,0.12496970426736431,0.12805314580301902,0.12643224089469357,0.03366031815348357,0.7026668122595282,0.09719373787535854,0.1017110674453304,0.5836951187336505,0.5996401161070699,0.13257221670526803,0.09454025367895891,0.6268289295165232
2020-11-16,0.1374124316575258,0.12969073143118715,0.14040487031114623,0.05690372688692631,0.7764749323868132,0.10083770888697066,0.1049420808496336,0.5864741199406078,0.6012446949352993,0.13695705063957164,0.0957616310245219,0.8664351198463927
2020-11-17,0.15476830987821816,0.1425371305810163,0.15747823442025788,0.07898741077001134,0.8423958230402457,0.10502850382145432,0.10918214636688653,0.5947226454734243,0.6044305964537523,0.14367601654107753,0.09696576435654258,0.8962471065111846
2020-11-18,0.16573813518825503,0.1573470584475562,0.16039208750896172,0.1086818176069772,0.8519784620502662,0.10915123583661737,0.11335644664520009,0.6012091351579189,0.6084752032146474,0.14985765355282427,0.09879170834848638,0.6763957751931796
2020-11-19,0.16081178257145406,0.15790402541824072,0.16063247150759757,0.07301840501144095,0.8527998053897496,0.1131643266446162,0.11727857905326391,0.6051171494171459,0.6126121375775446,0.1548912954030887,0.10178128797773656,0.7505080483373763
2020-11-20,0.1725473114851543,0.16510346560406075,0.17540799567990595,0.07304148806696453,0.898342366889537,0.11710727903931631,0.12200131588233673,0.6130716611246918,0.6177561193564585,0.16240011235895396,0.10302612298802871,0.8830022099849496
2020-11-21,0.17548073787500962,0.17785078113700364,0.17579230865578144,0.08088682736269474,0.8994092691875804,0.12096774632214083,0.12644676543850844,0.6180551636210205,0.6230205780716128,0.1682722159284964,0.10635233328247495,0.8175963966287889
2020-11-22,0.17103462872369268,0.16332990371809575,0.1707907856675948,0.08569978776472657,0.8262118241053134,0.12466643333243857,0.13024875231555536,0.6183897201771046,0.6273092989961747,0.17116948409127386,0.11303426752720114,0.3164939543045668
2020-11-23,0.17143780040638357,0.16951814431814066,0.17068274025486269,0.09001219381631773,0.8246113029114193,0.1282410675695462,0.13379774497932198,0.6171355587591293,0.6304510465796983,0.17359216128228666,0.11942793137001456,0.658386358137062
2020-11-24,0.18287110834833975,0.17192007355192807,0.18433973783790725,0.11578148050081485,0.873701917607467,0.13237354012700783,0.13809165326862902,0.6204383915873641,0.633726129337215,0.17779430380730915,0.12488308036547613,0.8831384348975144
2020-11-25,0.18363758337112118,0.18042042420629817,0.17744377794511085,0.09287372663909613,0.7779297834980081,0.13622076741864717,0.1416167831066353,0.6186325210432844,0.6359297336699391,0.18182632034617285,0.12671365950112695,0.7798160018062769
2020-11-26,0.17421799490779227,0.13852619788442072,0.14838788690713334,0.14509007552306205,0.4827667102440238,0.13859866452223754,0.142842504524525,0.6035276842020139,0.6342092065077841,0.18195741892262246,0.129887238891142,0.41257327712431946
2020-11-27,0.14870204525649472,0.1418209987408437,0.14761219189317437,0.07863208430325438,0.47655831451814595,0.14120827973591524,0.14393383219369657,0.5900657908927454,0.6297282625164968,0.18054066177549827,0.13634986631416351,0.6364951301728639
2020-11-28,0.15604332542231342,0.1490390044923532,0.15880118967652102,0.060075340132985114,0.5455420661259874,0.14411877980971807,0.14575264102151783,0.5830749941406608,0.6245313207131356,0.18061702679509978,0.1409606055767466,0.5864524896041255
2020-11-29,0.16375755166719802,0.16122087747027508,0.16725377859765345,0.055744024551049334,0.5918733572517308,0.14726828712845944,0.14805686294354067,0.5800833065122679,0.6196838375088138,0.18071398429287394,0.1468227959259224,0.726060097241808
2020-11-30,0.19007013181589116,0.17285308495492785,0.1938634511595891,0.10473655820719857,0.706298564356043,0.15124335090183091,0.15210996580656785,0.5878929464760918,0.6176068755535216,0.1843444923822577,0.15161522300697605,0.49349083501762914
2020-12-01,0.1918063858635623,0.17555070567861947,0.17874595661752407,0.11036127633474929,0.5867731182996526,0.15468865098075177,0.1548235469736974,0.5865322470385365,0.6156315075065529,0.184948185379808,0.15741401878576838,0.5284276281963
2020-12-02,0.18215403921361817,0.1760353183102928,0.18605988826970404,0.0742071370718054,0.6175786230377799,0.15853161371340443,0.15788361613767118,0.5874334642900068,0.6142590478033216,0.1871103272508322,0.16098893165004574,0.6964025341386286
2020-12-03,0.18678343053447982,0.1868947066049898,0.19054838393612675,0.0580951424572847,0.6361141684788448,0.16226881790698747,0.16106633689822605,0.5889086318066821,0.6135012766453183,0.189371525037554,0.164872267799122,0.8951092904158595
2020-12-04,0.1857998360944761,0.18260044723200253,0.17684933081547932,0.06382877900583034,0.5332309424810954,0.16537418461603945,0.16306683895358262,0.583169826424246,0.6115716018177684,0.18818660151277006,0.17180933889791178,0.6979023072319425
2020-12-05,0.1794991301898799,0.18059037618312368,0.18519893390647524,0.0442550183550086,0.5721530994965628,0.1678051140776005,0.16553368802180982,0.5811146632748566,0.6095539093250065,0.18633685733190508,0.1807277922031968,0.943231038537786
2020-12-06,0.18362923801884423,0.18637076139146053,0.18870604996718185,0.03850187074150817,0.588159129145149,0.17037536729892402,0.16809147859896426,0.5799329727206122,0.6076672390845568,0.18633423463448712,0.1862542038423426,0.6666228089475649
2020-12-07,0.18401214241743397,0.18699534958263064,0.18588606828322962,0.0432332242963282,0.5658342304061889,0.173339150118291,0.17028315704047378,0.5767889057649604,0.6054328320844415,0.18733441662777445,0.18831395849044855,0.7140236339036914
2020-12-08,0.1817078784473493,0.1745742890103812,0.1698931583014393,0.05739240295633033,0.44971470275278796,0.1752717006751409,0.17119297965562383,0.5666047211953317,0.6012966749073546,0.18713964516160014,0.18963190199676125,0.8497176768114587
2020-12-09,0.16990940874651828,0.16829237669253932,0.17416972563588057,0.06544661247328867,0.47407593062199743,0.1774627043611485,0.17234906680460746,0.5595430055235042,0.5963592075479228,0.18700835249731507,0.1913359432700514,0.5785091183649519
2020-12-10,0.16859894298749867,0.16869659969096035,0.16886150582184822,0.03924986329182198,0.43705650596630546,0.1794853765193973,0.1730520375994922,0.5509782818491705,0.5904340749883946,0.18684629097933025,0.19077995437423437,0.5496962029979211
2020-12-11,0.16348510046050918,0.16235583526369962,0.16507517974570862,0.046254295745256135,0.41081599568532207,0.1810887510746866,0.17343965186295598,0.5419734619328931,0.5836173172210466,0.1866823652423914,0.18974926380027282,0.6164088488563745
2020-12-12,0.17517427409811637,0.1703680876564745,0.1787580493787631,0.028047089118809362,0.49476350001299635,0.18280757091454017,0.17477798658918006,0.5400712673708595,0.5777252353151248,0.18707270773126755,0.1901964085423565,0.8529811274902834
2020-12-13,0.1834682919392172,0.18329812357900954,0.1849812642041726,0.038964480208791674,0.5291844896206067,0.18472855781518108,0.17647375568076543,0.540619121278765,0.5731379134341901,0.1880428923993649,0.1906783993613567,0.6389206525213962
2020-12-14,0.18209604252174383,0.18852763249631493,0.18689680064471287,0.030176950963836754,0.539795136424514,0.18689025286958547,0.17819671755454167,0.5412691497877954,0.5696179626275995,0.18835660585357195,0.19059795488448347,0.972089891454617
2020-12-15,0.18604406037434584,0.18978877009291367,0.19002803636720325,0.0427774575129337,0.5576016093708575,0.18924440366543396,0.18003180956659007,0.5425029548407174,0.5670865366436282,0.18967495201049273,0.19047012861016152,0.626848614609762
2020-12-16,0.2207634258133948,0.19389297090805208,0.22481654213664345,0.09493638523611081,0.7099938918770613,0.19236910401599086,0.18422928299669253,0.5574901699711298,0.568517681086343,0.19761991740886325,0.18976726420451948,0.6588869151885407
2020-12-17,0.25996838303680214,0.23026885801003988,0.25227525571839143,0.17455957234857378,0.7880589220297267,0.19587824296888803,0.19011403737332555,0.5800002903419373,0.5748537809855526,0.21225815518495905,0.18433810215126645,0.8096125310324452
2020-12-18,0.25271430829582714,0.25215677937775116,0.25838956392552065,0.08306471977226583,0.8027194757959157,0.19950585443884614,0.19605514256845902,0.5991737811297202,0.5843443665012328,0.22576815118511773,0.17966955558169795,0.4999235976817352
2020-12-19,0.26792508033628826,0.2601718936561462,0.2718357814506481,0.07745425732619664,0.8329780367178841,0.20362231148853563,0.20257180278548176,0.6185972562761961,0.596416190796626,0.2404996484020238,0.17412028554761627,0.985753150543351
2020-12-20,0.2701477492023877,0.2662065830854194,0.264623938539492,0.07555496880270549,0.7745496680001849,0.20692485344629843,0.20815375552755844,0.6293096892164431,0.60854410411149,0.2507189231188684,0.17006624989892788,0.7538681399832419
2020-12-21,0.2674605808337133,0.24763984328901395,0.25223703972219097,0.09919867374652475,0.6804678300221311,0.20975463838949024,0.2124922703579662,0.6308993335326701,0.618613031500877,0.25724013493694464,0.17071959767373696,0.5202352390759383
2020-12-22,0.26261182596728594,0.25273524718142787,0.27024100819324054,0.09423556431079577,0.7336095695595283,0.2134360267386188,0.2178347471567657,0.6381010231268611,0.6283289951966926,0.26644549381959975,0.16940526248968707,0.9046985298342769
2020-12-23,0.266823388642214,0.259724302083328,0.26028898864559696,0.11482668729600701,0.6638007379892631,0.21675301679110162,0.2221228677727437,0.6378636282494347,0.6360470191972654,0.27269660211951136,0.16995075603912835,0.6270387950461307
2020-12-24,0.262224678763547,0.2592537420438662,0.2693760348707868,0.08511028239128338,0.6921508512778657,0.21990083914081174,0.22678233430666428,0.639805449043453,0.6426692525160279,0.2794426524683313,0.17251362869582854,0.7357748241197712
2020-12-25,0.27913218715413246,0.2721421705523857,0.2864410739929328,0.08802611175108838,0.7402364660869908,0.22393563529879415,0.23235810103082616,0.6467867993748413,0.6495770472896318,0.2885605333172398,0.17325420786252188,0.6229751249104993
2020-12-26,0.315181303830152,0.2920365317497957,0.3190014615914078,0.10652025922290356,0.8123743914064303,0.23025130569243138,0.23989602782288716,0.6641518591984368,0.6591079363587837,0.30330735778399176,0.17062707883860323,0.819392298391422
2020-12-27,0.3433813712381571,0.31833803110634845,0.3159747546923278,0.1600969537705603,0.791716685238258,0.23648364948591463,0.24673180175729725,0.674492046347732,0.6691172558156587,0.31497098822529085,0.17164067744393435,0.5910206904698837
2020-12-28,0.3272285211320449,0.3236895370709217,0.33090256871240603,0.10865802953466874,0.8216682074363109,0.24285439452359694,0.25419106305581707,0.6867594419215761,0.679953763861034,0.3267146576874714,0.17609496970416533,0.9964331779180448
2020-12-29,0.3268983537495247,0.3195502598115162,0.3360032738728915,0.09746634238239738,0.8314243105156645,0.2491010615500823,0.2615328138699799,0.6962652144789626,0.6908151494982677,0.3373848240081189,0.181919358335544,0.7689970880498244
2020-12-30,0.3550310973072283,0.34533911473365486,0.36316713220508107,0.1152437950656118,0.8774903853689611,0.2553682430911264,0.270337962845663,0.71277530535178,0.7033117421024212,0.3507749367673429,0.18822431764225497,0.7909110986963437
2020-12-31,0.36054513103395264,0.3611548486323012,0.3661208160503883,0.10186241748777175,0.8819937309750892,0.2623043726131882,0.2787856654072026,0.7244059485421102,0.7159912236487773,0.36096899884173533,0.19909850140749477,0.9635705681398296
2021-01-01,0.3669319202992209,0.3724562148011,0.37296327354850395,0.08407561312004262,0.8925769351046093,0.2692230493894078,0.2871762917451576,0.7337161295856276,0.7282818816374259,0.3709405935008026,0.2094548781604262,0.7551116005543993
2021-01-02,0.4307457785491346,0.37785890448926385,0.42354456666047624,0.16418748347607537,0.9533179374632199,0.2778479615383138,0.2986325482394279,0.7594918981517915,0.7440587017086004,0.3900907772081699,0.21397492570621543,0.9936015542594794
2021-01-03,0.45683945099083173,0.43348592565011945,0.4355739934081534,0.19607211685840895,0.9643194912731761,0.2874252750355788,0.31020751194378227,0.7816654303873299,0.7617937196443383,0.4075870820818162,0.2216171381123941,0.7242810259588803
2021-01-04,0.4358642145263269,0.3709377643345796,0.42069035205598393,0.2034477501614961,0.8678406845184066,0.2961425543043287,0.31997434871964514,0.7894485813370884,0.7777766498218925,0.4174118784330492,0.23631689390079139,0.497023006051374
2021-01-05,0.45377004444916963,0.3990868676948076,0.4578120430732673,0.16324835865522658,0.9124098810069956,0.30610415763252563,0.3317582212943788,0.8077338279449955,0.7947798566182658,0.4358572268883853,0.24103795163211908,0.8868117518841279
2021-01-06,0.49761329937780135,0.4609453512667402,0.5098414174309404,0.18610563175336428,0.9573577577894057,0.3180961413375668,0.3464920678411171,0.840306672955756,0.8158942274259162,0.46518080221326147,0.23563995208965108,0.7074241749046456
2021-01-07,0.5568702797039491,0.516873347398645,0.5566299971922906,0.21407220456901574,0.9865542647065879,0.3324121323601553,0.36361184547612424,0.8814988463976761,0.8422852808219461,0.5011666002635202,0.22697506973001294,0.8369562958981831
2021-01-08,0.5885819871952842,0.5234003545362611,0.5828394244757094,0.22394887106118136,1.0,0.34754002076244483,0.38149612018702644,0.9203222560478652,0.8723514064656094,0.5374471412337882,0.21941937377410745,0.6788186962634246
2021-01-09,0.5794190007822191,0.5636438232179496,0.5728620711315235,0.14682405987698316,0.9526422790835045,0.3624950699961341,0.39751508390523654,0.9416328652476478,0.9013188653675576,0.5644698377408273,0.22255035906656281,0.9128837205380156
2021-01-10,0.579128877064826,0.5073572108033393,0.5379893466361841,0.19995594594032906,0.8007889163997919,0.37629938168444177,0.4100137859900275,0.9385126646356078,0.923773265631908,0.5789694232925517,0.23799374470998078,1.0
2021-01-11,0.5239473740682834,0.40525632258411537,0.4867343396005833,0.32790946498817675,0.6217279932149141,0.38769986222472475,0.41805111665246725,0.9093992485921483,0.9350227786721351,0.5840410496657373,0.2567223894304254,0.6188233385451468
2021-01-12,0.49202682238299217,0.4456151105799582,0.456535736450864,0.18458176837595155,0.5345176518805071,0.3977521018768274,0.42341644216297075,0.8691055842413707,0.9347300425448006,0.5826021821928535,0.28087351688977763,0.5602876894725322
2021-01-13,0.5105441772794068,0.44348652811373335,0.5188805590975126,0.16861271917393983,0.6352729048358795,0.4100412763947917,0.4328814378837114,0.8594209418013321,0.9322624242612219,0.5863469483643469,0.3049539982653084,0.6334942516920348
2021-01-14,0.5530290332701846,0.5239625316064079,0.5532547173475846,0.15164175486529025,0.6806059352633987,0.4234869825731663,0.4441870159760167,0.8620680069851002,0.930898784092883,0.5936580066123931,0.32677526952459207,0.6256080208862848
2021-01-15,0.5460507759284134,0.48246541025974243,0.5098598615830972,0.1638784839368199,0.5685280591957887,0.43403854423444366,0.45166870715386004,0.8416490183087051,0.9250989351505761,0.5951505668197357,0.3468262402682502,0.8756650006853661
2021-01-16,0.5152910697577477,0.5007620320826184,0.49796876597659645,0.13419405923411448,0.5399889241453536,0.4431334783949761,0.4578197524639506,0.816636583542711,0.9146907989794602,0.5925234454070438,0.3707597874310485,0.7913440640355037
2021-01-17,0.4947884326965572,0.4713767775887058,0.4908611648203347,0.11840990980959518,0.5225429981659196,0.4517389718901439,0.46306711185544075,0.7903215264953842,0.9002956280393195,0.5884726389316848,0.39386560536941106,0.7892931984069684
2021-01-18,0.505146136936431,0.48667817927423895,0.5062718639679906,0.11000122094724141,0.5496096312130779,0.46041718538104004,0.4690748715918324,0.7727534577767023,0.8847280210239363,0.583461164941182,0.4192921332640399,0.6325737537734637
2021-01-19,0.5133435871297556,0.5089572983917157,0.4959783764204936,0.13283010450742705,0.5221611361275217,0.4689813244096347,0.4739610035225679,0.7514314883926947,0.8673567571891987,0.5786870870669165,0.4401532266800392,0.74029831658013
2021-01-20,0.4886121707215027,0.46200564319815274,0.48638698669615055,0.16114407952517126,0.4962601202699543,0.47764894590758267,0.4778479374508559,0.7277066066676969,0.8479884188885964,0.5712465842719661,0.46274881478743246,0.6155692338394019
2021-01-21,0.47378928223939326,0.3996422202684756,0.399631651621974,0.18714967622148854,0.30666432402207744,0.48243865069765435,0.4752975632803617,0.6699263854005754,0.8191687293164658,0.56714850654712,0.47066892714650976,0.66376065856864
2021-01-22,0.4425361483492262,0.375270072109978,0.4396845992567474,0.19176772754145985,0.39039576443371243,0.489079409199913,0.4757679121032398,0.6394388219079016,0.7890820706838362,0.5659276769177806,0.4739655105131655,0.5007586002781914
2021-01-23,0.43444157741464356,0.4229817780807299,0.4224491132031908,0.10658547823542228,0.35758921418512757,0.4947457760800157,0.4749788503058166,0.6065952776835588,0.7574385109524795,0.5669913132991997,0.471200536941351,0.7907633727982516
2021-01-24,0.4269557262932035,0.41572157786174435,0.4265229383981646,0.1074389755231347,0.3663477743440746,0.499931242039256,0.4745312009106571,0.5812395279860859,0.7262762323799107,0.5664632227459285,0.47249513383760267,0.71159591284767
2021-01-25,0.4603256342432666,0.43415226801867035,0.4279378632302604,0.14066222498938888,0.36957347356182724,0.5039637840447388,0.474213330659704,0.5609213208141607,0.6966607144987886,0.5679869228160421,0.4672680745717185,0.979046360629233
2021-01-26,0.42427252021363543,0.41428597531484224,0.4316758541450084,0.14172024211963097,0.37860488951299825,0.5082467375534312,0.47418252495494845,0.5457581709451998,0.6694714416731656,0.5673059049736184,0.45913914159768743,0.6199156490025626
2021-01-27,0.420133961838878,0.3830429534542188,0.392408505387998,0.14857360915335488,0.29365126762807237,0.5105235272169374,0.4713535451845375,0.5167253643689435,0.6410246060400161,0.5627755737591331,0.4457445132285147,0.8098181199716215
2021-01-28,0.44337026280285735,0.39536766387725764,0.4481420683426529,0.18973027979849122,0.42206577525087846,0.5146746134685526,0.4726814503924199,0.5170993986469294,0.6183533956634577,0.5470756264843823,0.4490010585257074,0.7078302828621281
2021-01-29,0.525019716771367,0.433720710343493,0.463763906383871,0.31189012884610556,0.4534870739531322,0.5183984441751778,0.4750376803086,0.5236440011381425,0.6017257146266602,0.5315620227530762,0.4549634315914788,0.7971289564035142
2021-01-30,0.46089949993807605,0.4501652151892157,0.4629029161370777,0.1561465368600531,0.45141143189951055,0.5219810655772713,0.4771804980258932,0.5280184128017501,0.589432377256836,0.5224441886297537,0.45721373189141046,0.8141421897730567
2021-01-31,0.45109041494914875,0.4375785688502536,0.44167979721049433,0.11957516065118781,0.4000028707813745,0.5245247724004171,0.47767164510396726,0.5220815555130863,0.5782285756056615,0.5203351895712327,0.45456823304964833,0.8017290229892848
2021-02-01,0.4573718704402994,0.43972113052700734,0.44944794302221036,0.14510060035786865,0.418306060527219,0.5254836479616718,0.47868505311476256,0.5203229161463697,0.5688599646565423,0.5201661842490004,0.4539585981683837,0.8603586405889811
2021-02-02,0.4799687701489414,0.4604791574373912,0.48569873992889645,0.15008468160136965,0.498061098965572,0.527339135593154,0.48221813065225977,0.5338331984257038,0.5644807574089494,0.5154495633912066,0.45576990938808715,0.8717936247606933
2021-02-03,0.5083938815523814,0.49720081902763547,0.521741699229955,0.14441098736013067,0.5659316313200854,0.5310797934087166,0.48809349745602665,0.5590649637380509,0.5667962296681336,0.5078760849165465,0.4611674166430102,0.5448961344085999
2021-02-04,0.5283574369080848,0.5136104308832975,0.5117099464019756,0.16705907951004453,0.5378503031542462,0.5330749534829498,0.49287444228243954,0.5738208690482068,0.5720515490582493,0.5082098645416269,0.46098227984875373,0.7243537302855478
2021-02-05,0.5217817902169188,0.5200212748174098,0.5340919609278938,0.13682718038826555,0.5792119070840783,0.533972645474204,0.49894300443896394,0.5938291934504708,0.5808700358004054,0.5149472194815095,0.4571056818576157,0.9634304404872959
2021-02-06,0.5688302214519876,0.5478170820669183,0.5547003226273344,0.17440436024333114,0.6149526485841584,0.5339012139451371,0.5060896323454905,0.616978924990482,0.5932635138365147,0.5267257298982442,0.4504070373644249,0.9832523718482696
2021-02-07,0.5468429532336276,0.5348129673358317,0.5480390412464171,0.15720586988286736,0.5940315136318736,0.5326129943503294,0.5123001703396625,0.630860712157119,0.6063796525901798,0.5341260872132332,0.44638785879861276,0.8135111363474514
2021-02-08,0.6650114583790634,0.5466511938942917,0.6820292758572885,0.263391144938834,0.7683575093950794,0.536654080085263,0.527664895605887,0.6964591183551508,0.6320005777354208,0.5801893828094047,0.4129169005078924,0.7429582581493617
2021-02-09,0.6973231896862107,0.6798538442351973,0.6872588030143558,0.23487936923689515,0.7732685436484008,0.5421796467822069,0.5424112667735362,0.7476920710023033,0.6643124346679979,0.6175923774943779,0.3914334726098677,0.7006253386218729
2021-02-10,0.6819166875768001,0.6556990159296222,0.6585442005584093,0.22156802352120733,0.6917341050403277,0.5485396005795191,0.5541586158162172,0.7728145962043762,0.695955565800511,0.6408192494507696,0.39343534771685196,0.7941057285300238
2021-02-11,0.7055770236041627,0.6614588909576815,0.713498731327606,0.20411331336272975,0.7499837923190246,0.5580517017239129,0.5690668886048204,0.8123720865963879,0.7303926440854851,0.6742315473731242,0.3850358873811641,0.6621957282875113
2021-02-12,0.7106445459195645,0.7034865618693072,0.7060674604194864,0.1898421244229465,0.7295409118850967,0.5649808735260021,0.5824834121100518,0.8365585156398656,0.7635200739463619,0.6998957087759832,0.3869661872602502,0.8196391381688538
2021-02-13,0.6981135436371457,0.7028723571862204,0.6987307068202797,0.17122889881313047,0.7086265065306395,0.5703660159532564,0.594511168267046,0.8484662007245638,0.792768115473772,0.7200981940047875,0.39408286035947004,0.6714138480845045
2021-02-14,0.7239640086696288,0.7164398964760574,0.7283428289916882,0.17417597252106531,0.7420879947115618,0.578453686651968,0.6078745857842115,0.8661530045204853,0.8202454011170411,0.7424309987561457,0.40189203650337657,0.5579362130027447
2021-02-15,0.7129754939782322,0.7020306692871754,0.7141551134895775,0.1913621676840339,0.7000292671431451,0.5864563424607039,0.6193641188504185,0.8697506885844855,0.8430569116095302,0.758420166116508,0.4151907819210222,0.6094095938368981
2021-02-16,0.739286215708141,0.718070437462699,0.7372090118773343,0.19130217547937095,0.7277763890043559,0.5955754984661584,0.6317563692583238,0.8779268865097802,0.8631916785866184,0.7708305594855756,0.4398693946989801,0.7455976578587653
2021-02-17,0.7786538371719383,0.7532198965039425,0.7913916871739745,0.2024353072647677,0.7844551059211706,0.6061298920974593,0.6472128957232662,0.9026849573302183,0.8850090888980813,0.7943854052750734,0.45112551329768313,0.7689710882203546
2021-02-18,0.7775800918886402,0.7897277972528686,0.7827711631709467,0.11750906263510227,0.7583114378867495,0.616746214484118,0.6610574958530245,0.9137471792046473,0.9050141378018681,0.8126194688177413,0.46593322416442273,0.4427181863572742
2021-02-19,0.84292097428271,0.7882533391050472,0.8600883313412274,0.15128601923489754,0.8276171792713762,0.6305796654437203,0.6795223968042144,0.950084920293129,0.9293982259679581,0.8418252562880677,0.47664083482251285,0.6295348788118811
2021-02-20,0.867903943452454,0.8575591094956703,0.8639720095278759,0.16501425223416202,0.8306511656461744,0.6477683367228033,0.6970729595960655,0.9749366743387033,0.9546366980414236,0.8627850472211043,0.5000197784104151,0.868419091510753
2021-02-21,0.8827213618717265,0.87720991688864,0.89043606658504,0.11704513800742483,0.8512202318037525,0.6644539826472962,0.7153783845668954,1.0,0.9806074689505315,0.8830978623575054,0.5263055494153728,0.6828987808102505
2021-02-22,0.8684095736198225,0.7512509191973011,0.8292077969316073,0.23559552648562546,0.6800716074026486,0.6795111302449147,0.7281366157250225,0.988073789734677,0.9986337158439336,0.8898760734369138,0.5575303153139383,0.719357055415912
2021-02-23,0.8086536253823258,0.6821763011067645,0.7303111860391835,0.277075999415591,0.47580221617553425,0.6907565803511669,0.7330194005184593,0.9314656730549806,1.0,0.8854986714409643,0.5865830014328978,0.6919145862586993
2021-02-24,0.7563242692522016,0.7182995350756737,0.7464955348376214,0.1518765577974487,0.49825663232277134,0.702548756084896,0.7387412756909645,0.8888805214281621,0.991272228110341,0.8774155934224093,0.6230377133359863,0.6592035597328578
2021-02-25,0.7681522983310558,0.7160518541386425,0.6985164101730409,0.12474771432997694,0.4158458057468138,0.7124264988298482,0.7406725978273482,0.8307902041289177,0.9708934786923167,0.8663994742973093,0.6549324599190209,0.777416480699407
2021-02-26,0.703913072566555,0.666476216739844,0.6846619812180759,1.0,0.39340517198773456,0.7232449617109716,0.7414913567756308,0.7755614719365139,0.9418538733454596,0.8554011572826046,0.6828651896234521,0.682819895178021
2021-02-27,0.701803311407732,0.6817712342189939,0.6818820814756786,0.09937059510384891,0.3887289209494275,0.7318974085252679,0.742059057427514,0.7278603242771519,0.9076215614884453,0.8395693004819211,0.7169864073127865,0.4820373056786547
2021-02-28,0.6742123845869339,0.6436848934780488,0.6625785179488604,0.12161033502502,0.3555521308591756,0.7392570078913038,0.7412135917284112,0.6796531913794037,0.8691183963467839,0.8406135783335487,0.7135210700194682,0.7455109195254341
2021-03-01,0.7292848369717901,0.6788794822540709,0.7451343277015934,0.12293124556008675,0.4903537182555539,0.7497044800427489,0.7463097414837657,0.6744251192423585,0.8371101893731926,0.8410410320870951,0.7196311742735954,0.6197809049716695
2021-03-02,0.735451631530396,0.7185877783247974,0.7221274367833413,0.10415322862136503,0.44926777812505075,0.760085921598577,0.7494364819553173,0.6585465204689576,0.807841771613355,0.8387307672676876,0.7296477321512913,0.6595854215860325
2021-03-03,0.7786757875522969,0.7382277986104298,0.7617980809218519,0.12095174224915883,0.5068760373833742,0.7716483105938949,0.755190417830059,0.660856811510736,0.7849598265017226,0.8401122900392244,0.7335288817645527,0.9011218268490299
2021-03-04,0.7643125246065166,0.7266296769173294,0.7254745121463444,0.11836256133107687,0.44193768166628805,0.7805241854972113,0.7579828919720384,0.6454400506977922,0.7630989252581039,0.8399689723538304,0.7359184327395871,0.6345944367440011
2021-03-05,0.7223264962690665,0.7056946166977522,0.7322013169160524,0.10738612372138345,0.45235609850720465,0.7883148526755762,0.761074896120499,0.6344105165241605,0.7430666219014962,0.8396144983697709,0.740167126164567,0.7226353213071368
2021-03-06,0.717852405642468,0.7191266200198878,0.731927166483215,0.0652788952095848,0.45183237055838815,0.7964667208936237,0.7639478664148756,0.6240004542522417,0.7246400567230982,0.8396511717928696,0.7405334129603981,0.5074473993614873
2021-03-07,0.7580159913780589,0.7503325474399736,0.7740790873402912,0.09118234179365856,0.5191039490102513,0.80535041957904,0.7696413446601518,0.6320321354289116,0.7117510353504442,0.8414116468502102,0.7452934678566036,0.9954695830973638
2021-03-08,0.7747069764480132,0.761366804284228,0.7931832817827057,0.10730197980572947,0.5473641233496492,0.8141784379082485,0.7763298251863973,0.6447306784153639,0.7043683000405192,0.8446460535375919,0.7478501062949925,0.7680235857204488
2021-03-09,0.8197699151312738,0.8078760413135937,0.8405398266030809,0.11413603502440561,0.6115315183461495,0.8250060555442503,0.7859637943612265,0.6728194010294171,0.7049398086997571,0.8511081997550587,0.7457900101939715,0.8244438147203081
2021-03-10,0.8634700367490042,0.8324676373938085,0.862300696627374,0.13298180158733902,0.6383882194602254,0.8316792342586842,0.7965279885976997,0.701884320302163,0.7120998386877536,0.8616716964011251,0.7423296181558859,0.5484572263733902
2021-03-11,0.8784214717077832,0.8548921990061331,0.8953079781382255,0.13143704126147418,0.6768142854372327,0.8393806731282584,0.8087643769523314,0.7361113233011889,0.7257211426437492,0.8687930332316509,0.7378933370801702,0.8131037486650472
2021-03-12,0.8767259626153465,0.8716500803272587,0.8866172658830213,0.12824144081129316,0.6549895593246909,0.8478233442868829,0.8195915846810262,0.756460989065016,0.7413111356728622,0.8731425251505285,0.7353134896227592,0.5346967146677997
2021-03-13,0.9429231202304384,0.887454953736885,0.9584715919598067,0.1429437129668477,0.732107655110939,0.8568916018742555,0.8348442074803366,0.799570835894718,0.7637249321964006,0.889729681967456,0.7233796426251634,0.8516235972356104
2021-03-14,0.941380141736341,0.9453965432384319,0.9228150268813652,0.0934372328357678,0.6473681724676753,0.8649150325475147,0.8465701141863051,0.8148191898335111,0.7851724773214845,0.9053321957933147,0.7155401942475009,0.5427040749374709
2021-03-15,0.9224051249158978,0.8719603380811525,0.8604386266979499,0.1599182617898567,0.5192721192233735,0.8709010387834079,0.8530914387393507,0.7968307854281063,0.7981821072023363,0.913698578712359,0.7204769932784673,0.7868114354514828
2021-03-16,0.8558386679302981,0.8374296333873152,0.8769315741511524,0.14022747574243047,0.5411944897674749,0.876401407323062,0.8603681476531333,0.7861672921679104,0.806130643480907,0.9234752365795837,0.7237729733506683,0.8599759558932278
2021-03-17,0.8941977640907768,0.8557194307137124,0.9148887780844289,0.14172877943890314,0.5893684207615905,0.8838320450365856,0.869882126348898,0.7903887193958761,0.813462999369837,0.9363546886034779,0.7332082082898057,0.6131668998548686
2021-03-18,0.9147797170631038,0.850552406299113,0.8962964268061496,0.12840705568424027,0.5511854648580398,0.8897210470009692,0.8774564761352859,0.7824481168540705,0.8174976574626356,0.9427079371497147,0.7498580297912671,0.9104366265601291
2021-03-19,0.9036869906617613,0.8954526031748291,0.9052571987678376,0.10867908229537313,0.5633657669759399,0.8939360518255296,0.8851811524145394,0.7766538833055376,0.8193891434373501,0.947324115285139,0.7699149133883234,0.39163934265230194
2021-03-20,0.9132543409506997,0.9249385373372236,0.9046507665276605,0.11251078780946253,0.5619928138075462,0.8984477174648712,0.8923642176927651,0.7685848395132329,0.8190414850459817,0.9456215543768494,0.7996196375965515,0.9938895955069305
2021-03-21,0.890572725397095,0.8834657053274881,0.8901324916293064,0.11718044143950279,0.5279745149065923,0.8995598740677925,0.8980485586739915,0.7529763470554329,0.815163796875115,0.9486223838889485,0.8126338648676231,0.5388220797616191
2021-03-22,0.8852511256758158,0.8512019809531972,0.8351204753897689,0.13069633485887358,0.4121012330757901,0.8984918653802992,0.8994432514474862,0.714613420387623,0.8032145579591858,0.9439240186203139,0.8311387398321389,0.7611728730218283
2021-03-23,0.8406191998925063,0.8358453962423735,0.8389750161220372,0.1304411617096475,0.41929598815491004,0.8965869112555404,0.901022832018056,0.6836101954775871,0.7865053402974211,0.9421638847195593,0.8420559236219506,0.6337631266921122
2021-03-24,0.8635441631133467,0.8178794322811451,0.8028791644468946,0.17216410190135276,0.3498125775790437,0.8956122938196395,0.899926502647681,0.6419295460224241,0.7635257592415969,0.9353492951877016,0.8590063525429309,0.7455354163134931
2021-03-25,0.7940660197312179,0.7867372001615277,0.7832187747546135,0.16458425344816585,0.31463726673309866,0.8975707950248756,0.8974989183654745,0.5992685705322247,0.7353038090185987,0.9294689243260443,0.8718290598070216,0.5940264658857506
2021-03-26,0.8253927189536414,0.8003246258873404,0.8462939714732481,0.13108233156040608,0.43716255133110477,0.9012650733538848,0.8997258557704673,0.5911113439106801,0.7108450653352196,0.9198216037984084,0.8963728450584064,0.6168530331855396
2021-03-27,0.8510817470034224,0.850352000924022,0.8616569454801092,0.1033727635647872,0.46348809028336263,0.9073041112835903,0.9029046561668093,0.5900196313932494,0.6910263044789429,0.915181000950301,0.9119028149020257,0.8264862188008772
2021-03-28,0.8518375273520675,0.8659103852619054,0.8612386866522094,0.10461285704562878,0.4625982153940454,0.9138405212543684,0.9058485465562001,0.5878409013136907,0.6746688467045893,0.9117615663572796,0.9237490152902902,0.49882594090931637
2021-03-29,0.8829283125823928,0.8671920697296229,0.8942989323042742,0.13395609880398146,0.52042595491781,0.9217036401086004,0.9109600404522167,0.5989111701930134,0.6641358569043807,0.9135635514584748,0.9277547759717483,0.5044031875493635
2021-03-30,0.9027686512662425,0.9068714534174178,0.915748548290029,0.12447477269999671,0.5552827636289411,0.9310753355797307,0.9172713364284031,0.615353937373007,0.6595014232664713,0.917755021821991,0.9288850483032359,0.7864315926909065
2021-03-31,0.9114364567345381,0.9157921710403738,0.9157695042917015,0.15726546293820334,0.555317364481471,0.9373918056196878,0.9231769463951858,0.6268090025250946,0.6584355927889899,0.9200459677284163,0.9285020646134264,0.5464995081480647
2021-04-01,0.905261386952666,0.9304235979640691,0.9190209858388564,0.14589407824403947,0.5610417358802092,0.944680292252532,0.9289334129870335,0.635584035575045,0.6596065876965022,0.923336511019923,0.928296665796626,0.7438331416315367
2021-04-02,0.9174895020377387,0.9372616700540874,0.9243214906865197,0.13721037595891336,0.5708236981852611,0.950696485801159,0.9346964745682886,0.6430208266762429,0.6622584234759604,0.9167623742069944,0.932204905026956,0.8952346502675564
2021-04-03,0.914672349547675,0.9134904078032906,0.8916108944870161,0.1399072832321098,0.4780281485126852,0.9568464221892609,0.9377551273699201,0.6333428647014336,0.6621480033371437,0.9130180466520459,0.9330867992812794,0.9938345234266543
2021-04-04,0.893191132270748,0.9053145876400737,0.9128248272210856,0.1136560909657808,0.5216216080785404,0.9635326343417191,0.942129216998614,0.6330384199656728,0.6619894575283999,0.9166170060847105,0.9347998680750081,0.9807839620586085
2021-04-05,0.910741127593143,0.915198659991771,0.9183241270161205,0.14305130272348396,0.5327813574782333,0.9704325645921704,0.9466132633298228,0.6334742520177398,0.6619631305405486,0.9203088938709603,0.9351453557433888,0.8091132014770087
2021-04-06,0.903349529862125,0.9142966523496556,0.9024224689388728,0.15885146067599004,0.48590708264745447,0.9751835024755214,0.9496740663214367,0.625487211052907,0.6601001329083089,0.9188919042775998,0.9354039070806227,0.7926656669918302
2021-04-07,0.8899128815351298,0.8759214813061265,0.8630426969742603,0.18715627732789245,0.3823249155120649,0.9777695161679171,0.949729219703161,0.6011208513578005,0.652990472758995,0.9173323962384545,0.9334547760780006,0.6199452810457559
2021-04-08,0.8828680016331645,0.8810887258657736,0.9048401599811312,0.12045883178930769,0.4765289153170164,0.9801497471229758,0.9527613992238124,0.5983298181665094,0.6466590889162319,0.9172864878074589,0.9334616492537865,0.6185249380098683
2021-04-09,0.8936094518197568,0.9173221791218986,0.9033896745366082,0.10156790380557826,0.4727174969273797,0.9816707541223685,0.9554945198876812,0.5942910154599964,0.6406625710349101,0.9171506127715707,0.9334789290314173,0.40251176355094037
2021-04-10,0.9356126617648359,0.9216587430348857,0.9318343608203293,0.135765534119172,0.5320525350007891,0.9830228657237986,0.9600797057564914,0.601889874631306,0.6376177720044243,0.9221840658493823,0.9322653410292548,0.7331969727483597
2021-04-11,0.9268855271534622,0.9451613549458042,0.9393988315199008,0.10046090946042821,0.5471434368036957,0.9849767018827297,0.9649084969151487,0.6097410109168028,0.6369925270862697,0.9279980075577061,0.9372798367392859,0.7788192891809997
2021-04-12,0.9351884513789257,0.9507985358006112,0.933675618282339,0.11684173218588989,0.5293895497546138,0.9840588194860566,0.9690176298200668,0.612113607254065,0.6370394888195062,0.9319865104335197,0.9433686340417083,0.5892527346790206
2021-04-13,0.9798780232090558,0.9560600758223572,1.0,0.17044062098373886,0.6503961076897936,0.9869160062630239,0.9775912606751387,0.640458810370155,0.6436139035116403,0.9438168166768435,0.9518493410897882,0.9906768927089751
2021-04-14,1.0,0.9877109897655301,0.9927656580938978,0.19248959380236527,0.6276656592639299,0.9918144084916379,0.9850958718648863,0.6579026070439261,0.6528962464595667,0.9447209621956008,0.9747366901599422,0.6480229341112231
2021-04-15,0.9813032550941363,1.0,0.9965194377770291,0.14378380413306605,0.6340909397601416,0.9962412398919999,0.992383997278695,0.6712265111667154,0.663394820623934,0.9542040983422047,0.9806444632986985,0.8009578362099881
2021-04-16,0.9772288296996923,0.962683433109184,0.9645290247171915,0.2126871667287028,0.5326082997480278,0.9980787925988787,0.9969206790839433,0.6661423237499067,0.6706211871526082,0.9569456333003106,0.9891496959013025,0.582576600017111
2021-04-17,0.9588710183026901,0.9652912713442547,0.9481965485644664,0.15908980597797442,0.48529198778399035,1.0,1.0,0.6532770607979259,0.6734353503666912,0.9561828428671288,1.0,0.8547970330337993
2021-04-18,0.93167723206966,0.8238007470108522,0.8661154066030389,0.25158669011564005,0.2977442694845943,0.9985510727479535,0.9970274344136751,0.6068185222661764,0.6649726183764741,0.958381157094343,0.9941644920380165,0.0
2021-04-19,0.8681701531771879,0.8527130565606196,0.857077700279047,0.15674596752356423,0.2809783325067087,0.9967900416776126,0.9936021668283781,0.5652805509717318,0.6486231296639142,0.9612797263158581,0.9840104732884637,0.4952883372239745
2021-04-20,0.85994935002329,0.8354199292468492,0.8708343106371644,0.1641399603553339,0.3161077325812911,0.9960756732542987,0.9913788705472248,0.5376548161064226,0.6291726139724266,0.9622576421415296,0.9777098329886015,0.2556796151754722
2021-04-21,0.8544884740866994,0.8400679250206513,0.8236734747776131,0.12598783093347957,0.22918339986120517,0.9956519350904632,0.9859359652549176,0.4956314559845814,0.6039209600754852,0.9676249608342125,0.9604276949270732,0.8883411931572041
2021-04-22,0.8302924225463648,0.7816132507945951,0.7842864543329702,0.18465661845212378,0.16846465283159914,0.9936275068982695,0.978035519803236,0.44607525455905495,0.5722912050880893,0.9765446825298301,0.9338134674015256,0.6756027674778609
2021-04-23,0.7712370631260679,0.7277142581856716,0.7720022901608542,0.21970090236870052,0.15085324215619692,0.9924845253908646,0.9697687946069944,0.4025772191733926,0.5369560766710145,0.9854958768184767,0.909497620418415,0.5715769368862165
2021-04-24,0.7541236910244824,0.7482023505767322,0.7528438397689042,0.10853329909878268,0.12384438914135101,0.9913601243697093,0.960669214060822,0.3614310648150092,0.49919902990484055,0.9933159992701626,0.8819094212232933,0.6607095968338877
2021-04-25,0.7422469924121813,0.7172848131691354,0.7336150575905196,0.09997927098489276,0.09777647560027466,0.9871890443034644,0.9507854953959074,0.3225668837834602,0.4600307070495198,1.0,0.8528438151355778,0.9817179383717479
2021-04-26,0.8101450590535362,0.7490948919817962,0.8257984994677482,0.13590006980332336,0.329713819107477,0.9858616579787761,0.9481130534162694,0.33277602386617533,0.43105043547224947,0.9982626484060002,0.8461466146684881,0.8273195772570059
2021-04-27,0.8304133249608645,0.8329992143023246,0.8443796550739012,0.10981380790595652,0.3670241301278734,0.9852375805171701,0.9469380525151081,0.3503709709152748,0.41192388703531907,0.9980149490548456,0.8443068646395465,0.8291719805088953
2021-04-28,0.844959624624652,0.8436832203756863,0.8405505916724333,0.10553986565703768,0.35980118400680716,0.9832479568646336,0.9455658069406181,0.36412977408224584,0.39979564258479516,0.9955354317526022,0.8399021786358954,0.755905998831132
2021-04-29,0.8250072899106655,0.8160702802791351,0.8172251264684834,0.09989606111314717,0.31582426656214313,0.9796008762649236,0.9426187503218408,0.3665291190918552,0.390646373352581,0.9930874741037472,0.8329585553802513,0.5092945729965582
2021-04-30,0.8750042252728967,0.8294377077206115,0.8942985017015,0.11851642299261067,0.46514329815544736,0.9788060756423379,0.9453579423008116,0.40221330801690586,0.3915562877021285,0.9895351283059901,0.8328882397709624,0.6779762197462597
2021-05-01,0.884835681416247,0.9031278868812556,0.8957292511855438,0.09029359545581497,0.46757714743775086,0.9779438762585043,0.9480224392133976,0.4317652527967455,0.39909935790956635,0.9850323403521255,0.8332461238613803,0.7856104909147128
2021-05-02,0.8750378871980473,0.8860259922322553,0.8737380086771126,0.07653861752967506,0.42165025768964987,0.9760714074334119,0.9489468337370759,0.44632833247691317,0.40849228706481555,0.9796233709120115,0.83282073437929,0.9121234798143818
2021-05-03,0.8942604594263701,0.8944601159181087,0.8841958429500539,0.1165005917816831,0.4417920005245867,0.9757969215283723,0.9505573399015272,0.4626250441095566,0.41976490590728743,0.9625928764632907,0.8398190897216543,0.9928640473453683
2021-05-04,0.8626787711209296,0.8305991196106015,0.8131543513764928,0.16625200822417727,0.3075097583329134,0.9721073799747396,0.9469979612120274,0.4458284290783745,0.42490943995346264,0.942583665560421,0.8430612208793299,0.8258641966315841
2021-05-05,0.8751953268271377,0.8264217205671024,0.8883060181958738,0.1682495846551473,0.4426417905967029,0.9709961877293402,0.9490272984058032,0.4647613823777556,0.43339130109559953,0.9219606482713383,0.8551972883111195,0.5910454818991245
2021-05-06,0.8833092533686822,0.8717601528511094,0.8694285361140178,0.16908204875020919,0.40942143182446894,0.969774838225954,0.9495795540594665,0.4719378756803898,0.4418318011363582,0.9054682746436586,0.8639235765883703,0.8459385183832087
2021-05-07,0.8876775193180879,0.8706206087025243,0.8870639444940108,0.16586618692952182,0.4390642890749122,0.9706640422770353,0.95135376438235,0.48517329402480924,0.45163649477636325,0.8934880865317507,0.8711714119036057,0.8051578261816549
2021-05-08,0.9030808656220157,0.9016802130475712,0.9136556752736927,0.15685849704466462,0.48237707175727257,0.9709903697046208,0.9549097705113152,0.5067705306310822,0.4644609088194468,0.9003893719158196,0.8684055383731658,0.5316665669865214
2021-05-09,0.8985256357300018,0.8924149684249627,0.9031565749015674,0.1584046617769552,0.4611254818058739,0.9709817409629363,0.9574876642001111,0.5190783253997435,0.47755880921731764,0.9058372138252768,0.8671999660080282,0.9304815527350413
2021-05-10,0.9040636535783959,0.8471311321127855,0.8595677325873524,0.17573442295910502,0.37808670150865525,0.968306618510203,0.9567909141726734,0.5100554383256847,0.4859563112479146,0.9048497938790265,0.8670851657114426,0.8564320522446798
2021-05-11,0.8565453579714315,0.8572227278627826,0.8750883072095305,0.14482897305277254,0.40694924119980197,0.9659260103133588,0.9572458906597594,0.5092754779966617,0.49249444187290053,0.9077341552877665,0.8695364550817043,0.685030886980195
2021-05-12,0.8756980115760555,0.7546881172087456,0.7363025930378745,0.18588707092881135,0.20551173005613577,0.9586197747201718,0.9477746801934652,0.450085452105322,0.4840748045376645,0.9127770883392119,0.8580559353529374,0.7311255192461362
2021-05-13,0.7570550836730265,0.7139134385269537,0.7466950474562832,0.24937917323142936,0.22522314312566238,0.9492430847803325,0.9396556033119461,0.40852808684877445,0.46775531899937384,0.9152012503597675,0.852280914179688,0.28449085210649006
2021-05-14,0.7589809665657137,0.7493913539793675,0.7497144341082037,0.12838183230049893,0.23122044509338535,0.9402459611792101,0.932275650834127,0.3781591134457778,0.4476961723154964,0.9155312887718787,0.8515308134326988,0.45646185819157487
2021-05-15,0.7446463162563115,0.7079794287661625,0.6923862055468348,0.13848928719450984,0.16295674157686843,0.9289877406415304,0.9212837382839769,0.3315292922847902,0.4208952919649396,0.9221038838497049,0.8390047379083928,0.9969703646872847
2021-05-16,0.7281363341630531,0.6572431866758823,0.6867986321831114,0.15291681232798118,0.1567180645812429,0.9187068844975413,0.9106025305451517,0.29444491063147116,0.39090235169850723,0.9317617898119299,0.8116315533413446,0.734909910969371
2021-05-17,0.672545067356811,0.6242543045144631,0.6331779652737881,0.18496663591988521,0.10020936648936182,0.9070457166003433,0.8967867338163917,0.2450665582097959,0.3555205823657449,0.9453799816322201,0.7712952207211194,0.28869627075064686
2021-05-18,0.6579833393106627,0.6272702182862896,0.621638097996687,0.1297099907210614,0.08888347227875144,0.8979958030589469,0.8830393688515272,0.20431149545241656,0.31781641468133215,0.9555277612270334,0.7342017235149635,0.6257880353430412
2021-05-19,0.617295679477881,0.40773409178683584,0.5131131373084776,0.33687726475763546,0.0,0.8852631303461592,0.8624399966680043,0.13000025722123076,0.27051575162522856,0.9802240879446005,0.6700746627458027,0.39323499343090723
2021-05-20,0.5978501671244454,0.4898111368297601,0.5825662070155491,0.22446382819007296,0.1407612428618151,0.8745921955694739,0.84812232682666,0.1050751389589557,0.22692710070875816,0.9781830084814336,0.6368535388108233,0.5582599492600812
2021-05-21,0.5926292025335649,0.4628693456019679,0.5186661906831447,0.2060698384229534,0.08771823066184693,0.8633016199071101,0.830171656242433,0.06305944861942492,0.18236670740308558,0.9787398185361003,0.593074183916018,0.639771991766953
2021-05-22,0.5326460363013006,0.4960680259938466,0.5229275075026703,0.13322299416515093,0.0958885096693751,0.8536267920649355,0.8136829686880076,0.03679051470900202,0.14066036746902177,0.9758045728147848,0.5564471367596265,0.7382821084365961
2021-05-23,0.5229184412228425,0.41798815458203664,0.4721085575429649,0.19549357547614474,0.055833470551257106,0.8425255067666401,0.7946341591881041,0.0,0.09881082983002182,0.9717735716334799,0.5141153220521236,0.9449922938866981
2021-05-24,0.5506724179935893,0.48042701388139264,0.5444112128747073,0.1626940859021892,0.18803291729579152,0.8348098735107298,0.7819702201791499,0.007151034371928711,0.0669803396199361,0.9656411449990925,0.4906726106855832,0.5449129318583721
2021-05-25,0.549616976382092,0.5185685376476283,0.5388304573882403,0.12978247258444472,0.1826733117853718,0.8275994546744178,0.7697253448403056,0.01590213549973063,0.043534087667386034,0.9462344439493342,0.4737744909388789,0.6839940806137164
2021-05-26,0.5676728122588877,0.5434484503586492,0.5552181942303068,0.11541884605680489,0.21210491236994478,0.8175832761490466,0.7594390738487262,0.03504363395564869,0.029191413771660568,0.925585464876322,0.46238543261741716,0.4039479815524969
2021-05-27,0.5604474202833016,0.5310887001821847,0.539468826000829,0.09139936574952409,0.19488525998653017,0.8062962710004831,0.7486933430315644,0.04859578106298612,0.0208426108481507,0.8984561296223075,0.45488067126696974,0.6889198744772109
2021-05-28,0.5331112721584883,0.48470934873096283,0.4891401890665543,0.12679552829373722,0.14297923916352948,0.7932879726874025,0.7350519412389199,0.04307573501391654,0.012890559917572708,0.8624511303276976,0.4491286789997948,0.46581587789547557
2021-05-29,0.5039830472934621,0.4643247978940044,0.4692697369876463,0.09736320728671619,0.12381521513143298,0.7804075699661225,0.7208736644599062,0.03548194208254957,0.004777672252374354,0.8224470523884808,0.44705795508276835,0.7311956721759811
2021-05-30,0.48901323853387163,0.4610712742340254,0.48878235816128535,0.05725598210512396,0.16424532382366028,0.765396417971691,0.7090015636549801,0.04290831769612202,0.0,0.7843456197108034,0.4499416667357916,0.7645356627328116
2021-05-31,0.5081795672955882,0.4746196609047124,0.5191836316833431,0.07899626324477663,0.22529183857267276,0.751457679361093,0.7000633249871276,0.0665960644722694,0.0016406255333436537,0.731125560775302,0.47249544531034804,0.49752121624885703
2021-06-01,0.5158721587406625,0.5036462257342369,0.5072796179936198,0.06609332137639715,0.21059954330973363,0.7378923437022942,0.6908528695733666,0.08496726979087316,0.007189812031812737,0.708640787003225,0.4730294953373777,0.6044157626424949
2021-06-02,0.5218793396708452,0.5070130507120995,0.5236357055317906,0.06146242362319389,0.24464348444442707,0.7245453460250443,0.6834029925620312,0.11084551311091739,0.017597087185098226,0.6791677540910108,0.4825510186808948,0.787215123764059
2021-06-03,0.5442777742791194,0.5310148782095221,0.553648575351619,0.06851815141211476,0.3050627689795864,0.7149391177419132,0.67857397579073,0.14805233650126126,0.034503380265260286,0.6431775230017669,0.5029049479520304,0.677788107797433
2021-06-04,0.5400324444855245,0.5023431871968923,0.5111282738213089,0.08732550675635388,0.24423997854793167,0.7009769795140876,0.6710243783249757,0.16321471288778255,0.05152509487301793,0.6172192173060478,0.5130292670709837,0.5942903264569809
2021-06-05,0.5162488216572971,0.4869894643716888,0.4864642798940998,0.06999054699949532,0.21170290707842454,0.6868006396811913,0.6622030579284884,0.16844057805247958,0.06634763245728992,0.5868754829026366,0.5261842448262671,0.7246955501493206
2021-06-06,0.48965512936909,0.49458197354017963,0.49216747010266637,0.049188321703419885,0.22426323877740373,0.6721826001935337,0.6543575504715019,0.17858956070176402,0.08054617599061287,0.5676144885360559,0.5329511693618646,0.6284245059848523
2021-06-07,0.4960131657399585,0.46031801126247385,0.4498802682073969,0.06327240799825279,0.16863257142330476,0.6550148419238533,0.6440026969982439,0.17230277680309025,0.09045518053569895,0.550919285607314,0.5331526659161733,0.5173456145415313
2021-06-08,0.4462261265068445,0.41586731388332265,0.44826213474949506,0.11115365771906105,0.1665724522626761,0.6381758339304088,0.6342005092069444,0.1703096605608101,0.09792274052418515,0.553637105226729,0.5225067598603648,0.6486674878783465
2021-06-09,0.5094205001404684,0.44144259141834974,0.5194089804684503,0.12317221160549538,0.3215695917025201,0.6255840424280649,0.6301042146810206,0.20229681040277403,0.11127352345759689,0.54294768486157,0.527989003691234,0.4721199464702137
2021-06-10,0.52372822090975,0.5047829079972017,0.5076042924852837,0.0924771561235759,0.30308676765033227,0.6119807408371815,0.6254304028497247,0.22566571064869229,0.12734338216377145,0.5422139735933662,0.5275960767612352,0.6473742446139334
2021-06-11,0.5107009857474005,0.5084809778901723,0.5192119796993041,0.07808071376303086,0.3268935277364756,0.6039446114615665,0.6218858734777525,0.25185969148092047,0.14624000907103618,0.5418720390129965,0.5275775901785225,0.6774269046962109
2021-06-12,0.5071145180096208,0.4837541393689865,0.48647454259354894,0.07579115570820276,0.2733231720016951,0.5943119257774396,0.6162355110353394,0.26132392509425406,0.16353991027032788,0.5413140224752955,0.5298835578200985,0.8599003590933787
2021-06-13,0.5414740164301051,0.4863074550139098,0.5516109630246243,0.08389496431624391,0.399440567337699,0.586978650980785,0.6155945776763886,0.29872338680821053,0.1860047295849968,0.5425710407138,0.529212894977423,0.781217483021567
2021-06-14,0.5711967249190957,0.5594435290894896,0.5721993734621987,0.09121616162301693,0.4343707638782844,0.5825296473273146,0.6164631580178731,0.3388532940347223,0.21323116665293035,0.5488543948313567,0.5255609207002976,0.6905609003291112
2021-06-15,0.5768861513016577,0.5754524035766525,0.5756495781895964,0.10087393062740088,0.4403254777341851,0.5784151986916379,0.6175217356225221,0.37345946986453676,0.24299303943314432,0.553023355946594,0.5229424747492843,0.4782079523350225
2021-06-16,0.5629098602370894,0.5485243347235004,0.537817033759419,0.07959200674135879,0.36894188091131297,0.5748851852505065,0.6158141725156862,0.38598649695280857,0.2696914652080912,0.5528159829413262,0.5230000526340963,0.7032701826426607
2021-06-17,0.544901080926494,0.5346913005061354,0.5324236622468104,0.0733479285930971,0.35911607876414253,0.5715826990820218,0.6138321725015911,0.3947111293248259,0.2930622419362412,0.5548098905361416,0.5255798135677512,0.5807906604407862
2021-06-18,0.5210880039137598,0.49366668381351975,0.49078710114319124,0.07070328081307799,0.2868233671822946,0.5707562473423092,0.6090089329774843,0.3851190353573418,0.30954677705623235,0.5538516640432651,0.5291791978419543,0.37860081371121945
2021-06-19,0.4900388753158084,0.4876027884745848,0.48763853365904375,0.05596049545254182,0.28158438016764087,0.5672422719903245,0.6042723452970643,0.3774675710603823,0.3209698583163717,0.5538792421486562,0.5290156237194039,0.5808890722807885
2021-06-20,0.4828879603496184,0.4594056568031166,0.48915289184838995,0.07207064368183537,0.28524549218539996,0.5661497664964671,0.5999493330668281,0.37338423642287294,0.3291666427605143,0.5531719282215473,0.5264222151142224,0.39272623359046027
2021-06-21,0.4768226424695398,0.4192767736187567,0.41526644362997933,0.1197360506864586,0.16961272607912267,0.5621644341751293,0.5906363692634319,0.3404411941958104,0.3281268917015005,0.5602698598652203,0.5074645339046108,0.41233261317669745
2021-06-22,0.43321137430840523,0.37414758920258984,0.4304965407974689,0.13790858005559586,0.20749761700645364,0.5606240656395926,0.5830103027360322,0.3227311680473569,0.32321088299677436,0.5618114084349999,0.49498183911124494,0.5292644369195268
2021-06-23,0.4594399749667483,0.42823187055999534,0.4528624794864876,0.10056972161224739,0.2617118734725108,0.5572351698491789,0.5774711595134013,0.3201578834755292,0.31868463653269097,0.5563102654460865,0.4899949269719118,0.5733031097553224
2021-06-24,0.4679755872498165,0.43973965940185555,0.47012168457618364,0.06161742376578967,0.30217929907770424,0.5546917499423204,0.5735201373132331,0.32732610122612193,0.31671674201728384,0.5549011771151917,0.4869804743450272,0.547244438563713
2021-06-25,0.47261455118064294,0.42030903374742856,0.41455149949073156,0.08260122718584165,0.2128253894194888,0.5494846350865326,0.5658613001212668,0.3114242119817733,0.3114752030786518,0.5581097299093578,0.4749438110860401,0.5956724125608353
2021-06-26,0.42145456123994823,0.3983977036229783,0.42462871679494185,0.07774311032293084,0.23710783468785435,0.545233553195447,0.559415189592123,0.3052296991537433,0.3058534207921553,0.5592082533005907,0.46591508642088775,0.4599496072755104
2021-06-27,0.4576934820835105,0.43385114628425603,0.46988664722865947,0.06866839694572241,0.33858102616401975,0.5445208371974188,0.5566123081227025,0.32150277815758954,0.3051088204289597,0.5590101760976058,0.4684382526736053,0.5266693359781438
2021-06-28,0.4678147112992002,0.46823494084959394,0.4659309148444799,0.0638882262514135,0.3314070757428602,0.544397242693299,0.5537081737453592,0.3345016548160483,0.3075108835489619,0.5586908271836146,0.4708382429092828,0.38531442427625323
2021-06-29,0.49155253988342035,0.47481764468427856,0.49226665227496513,0.07572393552856835,0.38782762126040354,0.5445262221910747,0.5528694089337823,0.3575229916985141,0.3147416128796145,0.5565176985290006,0.47031724387115226,0.7050541227142946
2021-06-30,0.48316216478157553,0.47169297925888753,0.4770737663638699,0.06437982591441675,0.3572951574371094,0.5429674245973287,0.5510013506206562,0.3706738892356184,0.32355899813698474,0.5548149945948502,0.4688497021890915,0.6708132128488322
2021-07-01,0.4645130374739979,0.4491055836929463,0.4500898999912498,0.07553940605021858,0.305460051388902,0.5408504101131271,0.5473295879525518,0.3709842268337207,0.33068447502640663,0.5516895854247315,0.46466005359255336,0.5534210627819554
2021-07-02,0.44482943712913153,0.4469808904558976,0.4560596333169783,0.07816703390725478,0.319841431438862,0.5383489198337329,0.5443204159295424,0.3750858892825675,0.33733076378065696,0.5509835145674227,0.4620212373920942,0.6479491118426962
2021-07-03,0.46223798223688256,0.4588537531685293,0.4702339283659632,0.03581578905713788,0.35444971510916656,0.5352611267472924,0.5425161555042916,0.38556077559796675,0.3450634667112083,0.5419944336719276,0.4633991771585876,0.6844230357217437
2021-07-04,0.4806991637957018,0.47752264026706814,0.4816107407259421,0.03741107927338147,0.3820872895759769,0.5341684645121296,0.5416395814632317,0.3997333729328182,0.3545180507344876,0.527294644680004,0.4705109197754581,0.4944553237798431
2021-07-05,0.4689718399762571,0.4553025934040581,0.453284613739354,0.042717146518457455,0.31923911100495816,0.5329402396443719,0.5387996195000421,0.39994868052382915,0.3621313712369413,0.5073004814438695,0.48028135086785184,0.2229262804806803
2021-07-06,0.4645588317180051,0.4625587209396612,0.4622722266072935,0.042066764365711135,0.3427183740063404,0.5318335955534564,0.5367837891400712,0.40491465807849253,0.36936725940643433,0.4955697808772244,0.4855846192434604,0.5298089946660894
2021-07-07,0.4638250718787295,0.4670554770656925,0.4552931603790977,0.03703235289506483,0.32660619605552943,0.5320339667308145,0.5344003339142952,0.40683299055051914,0.3755983672874592,0.48285412310620096,0.491877180329251,0.6711632848710528
2021-07-08,0.44426062072309463,0.4350050732426243,0.43732575726028133,0.05213166746682177,0.2856428184364149,0.5316291305057363,0.5308893913240939,0.40172172993478894,0.3794045172881322,0.4791966150471693,0.4901107525428464,0.2915013604119141
2021-07-09,0.4466732690792636,0.43849352835934186,0.4542401212950602,0.0448264892662396,0.33525999981439636,0.5292167489866799,0.5288111274265118,0.40582701618673866,0.3833961802368184,0.4755943846272747,0.4905728463780413,0.6156981792411529
2021-07-10,0.44966742719241165,0.4534681981032449,0.44914192798409025,0.03164684538017502,0.32263987504933034,0.5270526244420445,0.5265033920110752,0.407851421553441,0.3870563700027594,0.4711392891124582,0.49129241508202115,0.8360359154796628
2021-07-11,0.45641117312229923,0.4578025605657551,0.4623639449981748,0.023193894598653918,0.36278998377111626,0.5249482581841851,0.5252874071049408,0.4159250516897206,0.39184642666900354,0.4696069412664207,0.4984992585171465,0.7966738330550438
2021-07-12,0.4565449792747735,0.44560256231223916,0.442442035887763,0.03563138906509955,0.31040137458057393,0.5233182894113367,0.5227292380033614,0.4147109450179408,0.39539848009418466,0.46890994367554323,0.5006936189583919,0.770622013538712
2021-07-13,0.43383341863358676,0.43741408380877933,0.4341042384894901,0.02027736681166814,0.28924272025970676,0.5189684963624942,0.519741542274042,0.41110442277240516,0.397408402634142,0.4692979384337154,0.49808746225448275,0.48869845359520797
2021-07-14,0.4290632433236831,0.4257238314132159,0.43631484548097554,0.026936866027066422,0.29699194272816576,0.5139384048711665,0.5171042398803837,0.4100996096667966,0.3987846151143294,0.46803200008657325,0.49572617587924417,0.5434472991083685
2021-07-15,0.4308269879435607,0.4170182321927055,0.4171778534606012,0.026712468239239326,0.24661612573758906,0.5080721941552158,0.5132724237691285,0.4021691627133305,0.39805670051697456,0.46763747645701,0.4964953925842909,0.5806214212423696
2021-07-16,0.4139289820339293,0.41560864345227344,0.41057865064628196,0.03379497203423033,0.22986457428301543,0.5033621604392643,0.509217231289821,0.3941744577174916,0.39563066535221747,0.4695292821335801,0.492640346218449,0.7545561685723572
2021-07-17,0.40885795326799085,0.4179252297892353,0.41262770983035457,0.019610618954906373,0.23837935522002962,0.4989276261335722,0.505569782901743,0.38985662203079874,0.3926940770622265,0.4697506595757,0.48582961548041126,0.6448462232737776
2021-07-18,0.4171711163290212,0.41776558793881047,0.41747328284719154,0.019294624187740722,0.2593592296751054,0.4962137394307504,0.5025031924266384,0.3896445067809773,0.3902958893500014,0.46914194446399565,0.4810118864993834,0.6019501823737279
2021-07-19,0.4079587590924016,0.40552185420248454,0.3994871126241377,0.02415653235517285,0.20780777432252462,0.49295060329977436,0.49835184954350403,0.38305208161576465,0.38685702326232574,0.46483865341482905,0.4755168896735298,0.5970553094731739
2021-07-20,0.3921659863918862,0.3829267902507151,0.38092210462201315,0.03216761830117092,0.15993259471960838,0.48894418130298656,0.4931444612550649,0.371292596868717,0.3813940100595089,0.46510496176362,0.4642053316314487,0.5507080588957072
2021-07-21,0.42351446067214166,0.38603072535078087,0.4232400587320655,0.04709093802427619,0.33135409236116165,0.48923934377715483,0.49129073423488606,0.3812167074512677,0.3793122539622654,0.46400042247206236,0.4624477635385911,0.7514197688812045
2021-07-22,0.4203560604158622,0.42771838223623193,0.4269588519398019,0.021559782450106216,0.3445140649959444,0.4891083877449539,0.4898217903025475,0.39178752544837636,0.38008464435152745,0.4621044063488295,0.46137346574593774,0.8293201687355126
2021-07-23,0.4384015522635751,0.43359067800198403,0.4502632176078212,0.030407376048803614,0.4232082849653123,0.4890121698366029,0.4901094553517144,0.41097918595754995,0.38512845247998945,0.45921952217983314,0.4625184685831427,0.566263554244585
2021-07-24,0.4547179782872168,0.4592701208354152,0.46332404565013785,0.027787656118228504,0.4635742919919407,0.48876053893917115,0.4913099313050568,0.4323995298605991,0.39410336390143097,0.45548036754199744,0.4648713384209727,0.9354216250394115
2021-07-25,0.47041853133862116,0.4678547503522137,0.48275729237908627,0.025402108484069222,0.5195336212935852,0.4912853398386111,0.4938187454312715,0.45800112923361547,0.40718742059027374,0.46087695584805816,0.46182774350139255,0.7534080896574746
2021-07-26,0.5626028354281103,0.4942576265032329,0.5192696087039032,0.11446049280360954,0.6084270906024497,0.4947886992879572,0.4987694002658882,0.4937676699482473,0.42590298728194564,0.47437707603726603,0.45230060613758183,0.8271966220432969
2021-07-27,0.5429849459662985,0.5159441151522974,0.5572895371079387,0.0674453335497891,0.6819203382600459,0.49802412674412777,0.5061118657806115,0.5377244659490903,0.4510125624053437,0.4976104164945209,0.4363512515279584,0.7644638755201246
2021-07-28,0.5682830749102665,0.5614188906025142,0.5681102259851802,0.07808858972755012,0.70052540604255,0.5018065388494234,0.5137522490654173,0.5761614510132683,0.4799643899029349,0.5199025590966739,0.4248124586664984,0.7501560683654249
2021-07-29,0.564279549945671,0.5706167708405262,0.5683401678665444,0.04403268110568559,0.7009334141938609,0.5046225823620849,0.5209161015922751,0.6053829580453868,0.5098647865377267,0.5378569721839266,0.4165211618191428,0.7939876067210614
2021-07-30,0.5937669756036601,0.5526819940943889,0.6092577658716909,0.061468079611493615,0.7671953237088693,0.5095156899225413,0.5305356111790897,0.6441582161210148,0.5427272822693613,0.563589156217976,0.4042479652563621,0.6588186015257445
2021-07-31,0.5936934102714035,0.603656579889647,0.5980625243481199,0.040004813091252325,0.7195968817462076,0.5149932512739689,0.5387361726065928,0.6680662150159873,0.5745308357588655,0.5823553630673679,0.39746167062001825,0.9949565193609881
2021-08-01,0.5992629861746266,0.5741650687193773,0.5677241905982083,0.042619376612318544,0.6013955128252214,0.5191267824993989,0.5442442336514396,0.6720050304430746,0.6008820307336766,0.5936216636310252,0.39839786225755824,0.9722102645955967
2021-08-02,0.5611576869039823,0.5592380603783016,0.5535232699443589,0.039391968373332115,0.5512348518834868,0.5222099371058577,0.5483842657754024,0.6670384590524986,0.6208176179981849,0.6015068371475871,0.4026820585117985,0.8066721096428766
2021-08-03,0.5491444471077884,0.5411230582197794,0.5342512839543072,0.041147321449437196,0.4868029059152294,0.5241585529823353,0.5508829103498684,0.653019235020073,0.6335330364032302,0.606179999432999,0.40832716169597183,0.9999705323708394
